CREATE DATABASE  IF NOT EXISTS `soa_cloud` /*!40100 DEFAULT CHARACTER SET utf8 */ /*!80016 DEFAULT ENCRYPTION='N' */;
USE `soa_cloud`;
-- MySQL dump 10.13  Distrib 8.0.27, for Win64 (x86_64)
--
-- Host: 81.68.236.154    Database: soa_cloud
-- ------------------------------------------------------
-- Server version	8.0.26

/*!40101 SET @OLD_CHARACTER_SET_CLIENT=@@CHARACTER_SET_CLIENT */;
/*!40101 SET @OLD_CHARACTER_SET_RESULTS=@@CHARACTER_SET_RESULTS */;
/*!40101 SET @OLD_COLLATION_CONNECTION=@@COLLATION_CONNECTION */;
/*!50503 SET NAMES utf8 */;
/*!40103 SET @OLD_TIME_ZONE=@@TIME_ZONE */;
/*!40103 SET TIME_ZONE='+00:00' */;
/*!40014 SET @OLD_UNIQUE_CHECKS=@@UNIQUE_CHECKS, UNIQUE_CHECKS=0 */;
/*!40014 SET @OLD_FOREIGN_KEY_CHECKS=@@FOREIGN_KEY_CHECKS, FOREIGN_KEY_CHECKS=0 */;
/*!40101 SET @OLD_SQL_MODE=@@SQL_MODE, SQL_MODE='NO_AUTO_VALUE_ON_ZERO' */;
/*!40111 SET @OLD_SQL_NOTES=@@SQL_NOTES, SQL_NOTES=0 */;

--
-- Table structure for table `QRTZ_BLOB_TRIGGERS`
--

DROP TABLE IF EXISTS `QRTZ_BLOB_TRIGGERS`;
/*!40101 SET @saved_cs_client     = @@character_set_client */;
/*!50503 SET character_set_client = utf8mb4 */;
CREATE TABLE `QRTZ_BLOB_TRIGGERS` (
  `sched_name` varchar(120) NOT NULL COMMENT 'è°ƒåº¦åç§°',
  `trigger_name` varchar(200) NOT NULL COMMENT 'qrtz_triggersè¡¨trigger_nameçš„å¤–é”®',
  `trigger_group` varchar(200) NOT NULL COMMENT 'qrtz_triggersè¡¨trigger_groupçš„å¤–é”®',
  `blob_data` blob COMMENT 'å­˜æ”¾æŒä¹…åŒ–Triggerå¯¹è±¡',
  PRIMARY KEY (`sched_name`,`trigger_name`,`trigger_group`),
  CONSTRAINT `QRTZ_BLOB_TRIGGERS_ibfk_1` FOREIGN KEY (`sched_name`, `trigger_name`, `trigger_group`) REFERENCES `QRTZ_TRIGGERS` (`sched_name`, `trigger_name`, `trigger_group`)
) ENGINE=InnoDB DEFAULT CHARSET=utf8mb3 COMMENT='Blobç±»å‹çš„è§¦å‘å™¨è¡¨';
/*!40101 SET character_set_client = @saved_cs_client */;

--
-- Dumping data for table `QRTZ_BLOB_TRIGGERS`
--

LOCK TABLES `QRTZ_BLOB_TRIGGERS` WRITE;
/*!40000 ALTER TABLE `QRTZ_BLOB_TRIGGERS` DISABLE KEYS */;
/*!40000 ALTER TABLE `QRTZ_BLOB_TRIGGERS` ENABLE KEYS */;
UNLOCK TABLES;

--
-- Table structure for table `QRTZ_CALENDARS`
--

DROP TABLE IF EXISTS `QRTZ_CALENDARS`;
/*!40101 SET @saved_cs_client     = @@character_set_client */;
/*!50503 SET character_set_client = utf8mb4 */;
CREATE TABLE `QRTZ_CALENDARS` (
  `sched_name` varchar(120) NOT NULL COMMENT 'è°ƒåº¦åç§°',
  `calendar_name` varchar(200) NOT NULL COMMENT 'æ—¥å†åç§°',
  `calendar` blob NOT NULL COMMENT 'å­˜æ”¾æŒä¹…åŒ–calendarå¯¹è±¡',
  PRIMARY KEY (`sched_name`,`calendar_name`)
) ENGINE=InnoDB DEFAULT CHARSET=utf8mb3 COMMENT='æ—¥å†ä¿¡æ¯è¡¨';
/*!40101 SET character_set_client = @saved_cs_client */;

--
-- Dumping data for table `QRTZ_CALENDARS`
--

LOCK TABLES `QRTZ_CALENDARS` WRITE;
/*!40000 ALTER TABLE `QRTZ_CALENDARS` DISABLE KEYS */;
/*!40000 ALTER TABLE `QRTZ_CALENDARS` ENABLE KEYS */;
UNLOCK TABLES;

--
-- Table structure for table `QRTZ_CRON_TRIGGERS`
--

DROP TABLE IF EXISTS `QRTZ_CRON_TRIGGERS`;
/*!40101 SET @saved_cs_client     = @@character_set_client */;
/*!50503 SET character_set_client = utf8mb4 */;
CREATE TABLE `QRTZ_CRON_TRIGGERS` (
  `sched_name` varchar(120) NOT NULL COMMENT 'è°ƒåº¦åç§°',
  `trigger_name` varchar(200) NOT NULL COMMENT 'qrtz_triggersè¡¨trigger_nameçš„å¤–é”®',
  `trigger_group` varchar(200) NOT NULL COMMENT 'qrtz_triggersè¡¨trigger_groupçš„å¤–é”®',
  `cron_expression` varchar(200) NOT NULL COMMENT 'cronè¡¨è¾¾å¼',
  `time_zone_id` varchar(80) DEFAULT NULL COMMENT 'æ—¶åŒº',
  PRIMARY KEY (`sched_name`,`trigger_name`,`trigger_group`),
  CONSTRAINT `QRTZ_CRON_TRIGGERS_ibfk_1` FOREIGN KEY (`sched_name`, `trigger_name`, `trigger_group`) REFERENCES `QRTZ_TRIGGERS` (`sched_name`, `trigger_name`, `trigger_group`)
) ENGINE=InnoDB DEFAULT CHARSET=utf8mb3 COMMENT='Cronç±»å‹çš„è§¦å‘å™¨è¡¨';
/*!40101 SET character_set_client = @saved_cs_client */;

--
-- Dumping data for table `QRTZ_CRON_TRIGGERS`
--

LOCK TABLES `QRTZ_CRON_TRIGGERS` WRITE;
/*!40000 ALTER TABLE `QRTZ_CRON_TRIGGERS` DISABLE KEYS */;
INSERT INTO `QRTZ_CRON_TRIGGERS` VALUES ('RuoyiScheduler','TASK_CLASS_NAME1','DEFAULT','0/10 * * * * ?','Asia/Shanghai'),('RuoyiScheduler','TASK_CLASS_NAME2','DEFAULT','0/15 * * * * ?','Asia/Shanghai'),('RuoyiScheduler','TASK_CLASS_NAME3','DEFAULT','0/20 * * * * ?','Asia/Shanghai');
/*!40000 ALTER TABLE `QRTZ_CRON_TRIGGERS` ENABLE KEYS */;
UNLOCK TABLES;

--
-- Table structure for table `QRTZ_FIRED_TRIGGERS`
--

DROP TABLE IF EXISTS `QRTZ_FIRED_TRIGGERS`;
/*!40101 SET @saved_cs_client     = @@character_set_client */;
/*!50503 SET character_set_client = utf8mb4 */;
CREATE TABLE `QRTZ_FIRED_TRIGGERS` (
  `sched_name` varchar(120) NOT NULL COMMENT 'è°ƒåº¦åç§°',
  `entry_id` varchar(95) NOT NULL COMMENT 'è°ƒåº¦å™¨å®ä¾‹id',
  `trigger_name` varchar(200) NOT NULL COMMENT 'qrtz_triggersè¡¨trigger_nameçš„å¤–é”®',
  `trigger_group` varchar(200) NOT NULL COMMENT 'qrtz_triggersè¡¨trigger_groupçš„å¤–é”®',
  `instance_name` varchar(200) NOT NULL COMMENT 'è°ƒåº¦å™¨å®ä¾‹å',
  `fired_time` bigint NOT NULL COMMENT 'è§¦å‘çš„æ—¶é—´',
  `sched_time` bigint NOT NULL COMMENT 'å®šæ—¶å™¨åˆ¶å®šçš„æ—¶é—´',
  `priority` int NOT NULL COMMENT 'ä¼˜å…ˆçº§',
  `state` varchar(16) NOT NULL COMMENT 'çŠ¶æ€',
  `job_name` varchar(200) DEFAULT NULL COMMENT 'ä»»åŠ¡åç§°',
  `job_group` varchar(200) DEFAULT NULL COMMENT 'ä»»åŠ¡ç»„å',
  `is_nonconcurrent` varchar(1) DEFAULT NULL COMMENT 'æ˜¯å¦å¹¶å‘',
  `requests_recovery` varchar(1) DEFAULT NULL COMMENT 'æ˜¯å¦æ¥å—æ¢å¤æ‰§è¡Œ',
  PRIMARY KEY (`sched_name`,`entry_id`)
) ENGINE=InnoDB DEFAULT CHARSET=utf8mb3 COMMENT='å·²è§¦å‘çš„è§¦å‘å™¨è¡¨';
/*!40101 SET character_set_client = @saved_cs_client */;

--
-- Dumping data for table `QRTZ_FIRED_TRIGGERS`
--

LOCK TABLES `QRTZ_FIRED_TRIGGERS` WRITE;
/*!40000 ALTER TABLE `QRTZ_FIRED_TRIGGERS` DISABLE KEYS */;
/*!40000 ALTER TABLE `QRTZ_FIRED_TRIGGERS` ENABLE KEYS */;
UNLOCK TABLES;

--
-- Table structure for table `QRTZ_JOB_DETAILS`
--

DROP TABLE IF EXISTS `QRTZ_JOB_DETAILS`;
/*!40101 SET @saved_cs_client     = @@character_set_client */;
/*!50503 SET character_set_client = utf8mb4 */;
CREATE TABLE `QRTZ_JOB_DETAILS` (
  `sched_name` varchar(120) NOT NULL COMMENT 'è°ƒåº¦åç§°',
  `job_name` varchar(200) NOT NULL COMMENT 'ä»»åŠ¡åç§°',
  `job_group` varchar(200) NOT NULL COMMENT 'ä»»åŠ¡ç»„å',
  `description` varchar(250) DEFAULT NULL COMMENT 'ç›¸å…³ä»‹ç»',
  `job_class_name` varchar(250) NOT NULL COMMENT 'æ‰§è¡Œä»»åŠ¡ç±»åç§°',
  `is_durable` varchar(1) NOT NULL COMMENT 'æ˜¯å¦æŒä¹…åŒ–',
  `is_nonconcurrent` varchar(1) NOT NULL COMMENT 'æ˜¯å¦å¹¶å‘',
  `is_update_data` varchar(1) NOT NULL COMMENT 'æ˜¯å¦æ›´æ–°æ•°æ®',
  `requests_recovery` varchar(1) NOT NULL COMMENT 'æ˜¯å¦æ¥å—æ¢å¤æ‰§è¡Œ',
  `job_data` blob COMMENT 'å­˜æ”¾æŒä¹…åŒ–jobå¯¹è±¡',
  PRIMARY KEY (`sched_name`,`job_name`,`job_group`)
) ENGINE=InnoDB DEFAULT CHARSET=utf8mb3 COMMENT='ä»»åŠ¡è¯¦ç»†ä¿¡æ¯è¡¨';
/*!40101 SET character_set_client = @saved_cs_client */;

--
-- Dumping data for table `QRTZ_JOB_DETAILS`
--

LOCK TABLES `QRTZ_JOB_DETAILS` WRITE;
/*!40000 ALTER TABLE `QRTZ_JOB_DETAILS` DISABLE KEYS */;
INSERT INTO `QRTZ_JOB_DETAILS` VALUES ('RuoyiScheduler','TASK_CLASS_NAME1','DEFAULT',NULL,'com.xiaoji.job.util.QuartzDisallowConcurrentExecution','0','1','0','0',_binary '¬\í\0sr\0org.quartz.JobDataMapŸ°ƒè¿©°\Ë\0\0xr\0&org.quartz.utils.StringKeyDirtyFlagMap‚\è\Ãû\Å](\0Z\0allowsTransientDataxr\0org.quartz.utils.DirtyFlagMap\æ.­(v\n\Î\0Z\0dirtyL\0mapt\0Ljava/util/Map;xpsr\0java.util.HashMap\ÚÁ\Ã`\Ñ\0F\0\nloadFactorI\0	thresholdxp?@\0\0\0\0\0w\0\0\0\0\0\0t\0TASK_PROPERTIESsr\0com.xiaoji.job.domain.SysJob\0\0\0\0\0\0\0\0L\0\nconcurrentt\0Ljava/lang/String;L\0cronExpressionq\0~\0	L\0invokeTargetq\0~\0	L\0jobGroupq\0~\0	L\0jobIdt\0Ljava/lang/Long;L\0jobNameq\0~\0	L\0\rmisfirePolicyq\0~\0	L\0statusq\0~\0	xr\0,com.xiaoji.common.core.web.domain.BaseEntity\0\0\0\0\0\0\0\0L\0createByq\0~\0	L\0\ncreateTimet\0Ljava/util/Date;L\0paramsq\0~\0L\0remarkq\0~\0	L\0searchValueq\0~\0	L\0updateByq\0~\0	L\0\nupdateTimeq\0~\0xpt\0adminsr\0java.util.DatehjKYt\0\0xpw\0\0}\Ù+(@xpt\0\0pppt\01t\00/10 * * * * ?t\0ryTask.ryNoParamst\0DEFAULTsr\0java.lang.Long;‹\äÌ#\ß\0J\0valuexr\0java.lang.Number†¬•”\à‹\0\0xp\0\0\0\0\0\0\0t\0ç³»ç»Ÿé»˜è®¤ï¼ˆæ— å‚ï¼‰t\03t\01x\0'),('RuoyiScheduler','TASK_CLASS_NAME2','DEFAULT',NULL,'com.xiaoji.job.util.QuartzDisallowConcurrentExecution','0','1','0','0',_binary '¬\í\0sr\0org.quartz.JobDataMapŸ°ƒè¿©°\Ë\0\0xr\0&org.quartz.utils.StringKeyDirtyFlagMap‚\è\Ãû\Å](\0Z\0allowsTransientDataxr\0org.quartz.utils.DirtyFlagMap\æ.­(v\n\Î\0Z\0dirtyL\0mapt\0Ljava/util/Map;xpsr\0java.util.HashMap\ÚÁ\Ã`\Ñ\0F\0\nloadFactorI\0	thresholdxp?@\0\0\0\0\0w\0\0\0\0\0\0t\0TASK_PROPERTIESsr\0com.xiaoji.job.domain.SysJob\0\0\0\0\0\0\0\0L\0\nconcurrentt\0Ljava/lang/String;L\0cronExpressionq\0~\0	L\0invokeTargetq\0~\0	L\0jobGroupq\0~\0	L\0jobIdt\0Ljava/lang/Long;L\0jobNameq\0~\0	L\0\rmisfirePolicyq\0~\0	L\0statusq\0~\0	xr\0,com.xiaoji.common.core.web.domain.BaseEntity\0\0\0\0\0\0\0\0L\0createByq\0~\0	L\0\ncreateTimet\0Ljava/util/Date;L\0paramsq\0~\0L\0remarkq\0~\0	L\0searchValueq\0~\0	L\0updateByq\0~\0	L\0\nupdateTimeq\0~\0xpt\0adminsr\0java.util.DatehjKYt\0\0xpw\0\0}\Ù+(@xpt\0\0pppt\01t\00/15 * * * * ?t\0ryTask.ryParams(\'ry\')t\0DEFAULTsr\0java.lang.Long;‹\äÌ#\ß\0J\0valuexr\0java.lang.Number†¬•”\à‹\0\0xp\0\0\0\0\0\0\0t\0ç³»ç»Ÿé»˜è®¤ï¼ˆæœ‰å‚ï¼‰t\03t\01x\0'),('RuoyiScheduler','TASK_CLASS_NAME3','DEFAULT',NULL,'com.xiaoji.job.util.QuartzDisallowConcurrentExecution','0','1','0','0',_binary '¬\í\0sr\0org.quartz.JobDataMapŸ°ƒè¿©°\Ë\0\0xr\0&org.quartz.utils.StringKeyDirtyFlagMap‚\è\Ãû\Å](\0Z\0allowsTransientDataxr\0org.quartz.utils.DirtyFlagMap\æ.­(v\n\Î\0Z\0dirtyL\0mapt\0Ljava/util/Map;xpsr\0java.util.HashMap\ÚÁ\Ã`\Ñ\0F\0\nloadFactorI\0	thresholdxp?@\0\0\0\0\0w\0\0\0\0\0\0t\0TASK_PROPERTIESsr\0com.xiaoji.job.domain.SysJob\0\0\0\0\0\0\0\0L\0\nconcurrentt\0Ljava/lang/String;L\0cronExpressionq\0~\0	L\0invokeTargetq\0~\0	L\0jobGroupq\0~\0	L\0jobIdt\0Ljava/lang/Long;L\0jobNameq\0~\0	L\0\rmisfirePolicyq\0~\0	L\0statusq\0~\0	xr\0,com.xiaoji.common.core.web.domain.BaseEntity\0\0\0\0\0\0\0\0L\0createByq\0~\0	L\0\ncreateTimet\0Ljava/util/Date;L\0paramsq\0~\0L\0remarkq\0~\0	L\0searchValueq\0~\0	L\0updateByq\0~\0	L\0\nupdateTimeq\0~\0xpt\0adminsr\0java.util.DatehjKYt\0\0xpw\0\0}\Ù+(@xpt\0\0pppt\01t\00/20 * * * * ?t\08ryTask.ryMultipleParams(\'ry\', true, 2000L, 316.50D, 100)t\0DEFAULTsr\0java.lang.Long;‹\äÌ#\ß\0J\0valuexr\0java.lang.Number†¬•”\à‹\0\0xp\0\0\0\0\0\0\0t\0ç³»ç»Ÿé»˜è®¤ï¼ˆå¤šå‚ï¼‰t\03t\01x\0');
/*!40000 ALTER TABLE `QRTZ_JOB_DETAILS` ENABLE KEYS */;
UNLOCK TABLES;

--
-- Table structure for table `QRTZ_LOCKS`
--

DROP TABLE IF EXISTS `QRTZ_LOCKS`;
/*!40101 SET @saved_cs_client     = @@character_set_client */;
/*!50503 SET character_set_client = utf8mb4 */;
CREATE TABLE `QRTZ_LOCKS` (
  `sched_name` varchar(120) NOT NULL COMMENT 'è°ƒåº¦åç§°',
  `lock_name` varchar(40) NOT NULL COMMENT 'æ‚²è§‚é”åç§°',
  PRIMARY KEY (`sched_name`,`lock_name`)
) ENGINE=InnoDB DEFAULT CHARSET=utf8mb3 COMMENT='å­˜å‚¨çš„æ‚²è§‚é”ä¿¡æ¯è¡¨';
/*!40101 SET character_set_client = @saved_cs_client */;

--
-- Dumping data for table `QRTZ_LOCKS`
--

LOCK TABLES `QRTZ_LOCKS` WRITE;
/*!40000 ALTER TABLE `QRTZ_LOCKS` DISABLE KEYS */;
INSERT INTO `QRTZ_LOCKS` VALUES ('RuoyiScheduler','STATE_ACCESS'),('RuoyiScheduler','TRIGGER_ACCESS');
/*!40000 ALTER TABLE `QRTZ_LOCKS` ENABLE KEYS */;
UNLOCK TABLES;

--
-- Table structure for table `QRTZ_PAUSED_TRIGGER_GRPS`
--

DROP TABLE IF EXISTS `QRTZ_PAUSED_TRIGGER_GRPS`;
/*!40101 SET @saved_cs_client     = @@character_set_client */;
/*!50503 SET character_set_client = utf8mb4 */;
CREATE TABLE `QRTZ_PAUSED_TRIGGER_GRPS` (
  `sched_name` varchar(120) NOT NULL COMMENT 'è°ƒåº¦åç§°',
  `trigger_group` varchar(200) NOT NULL COMMENT 'qrtz_triggersè¡¨trigger_groupçš„å¤–é”®',
  PRIMARY KEY (`sched_name`,`trigger_group`)
) ENGINE=InnoDB DEFAULT CHARSET=utf8mb3 COMMENT='æš‚åœçš„è§¦å‘å™¨è¡¨';
/*!40101 SET character_set_client = @saved_cs_client */;

--
-- Dumping data for table `QRTZ_PAUSED_TRIGGER_GRPS`
--

LOCK TABLES `QRTZ_PAUSED_TRIGGER_GRPS` WRITE;
/*!40000 ALTER TABLE `QRTZ_PAUSED_TRIGGER_GRPS` DISABLE KEYS */;
/*!40000 ALTER TABLE `QRTZ_PAUSED_TRIGGER_GRPS` ENABLE KEYS */;
UNLOCK TABLES;

--
-- Table structure for table `QRTZ_SCHEDULER_STATE`
--

DROP TABLE IF EXISTS `QRTZ_SCHEDULER_STATE`;
/*!40101 SET @saved_cs_client     = @@character_set_client */;
/*!50503 SET character_set_client = utf8mb4 */;
CREATE TABLE `QRTZ_SCHEDULER_STATE` (
  `sched_name` varchar(120) NOT NULL COMMENT 'è°ƒåº¦åç§°',
  `instance_name` varchar(200) NOT NULL COMMENT 'å®ä¾‹åç§°',
  `last_checkin_time` bigint NOT NULL COMMENT 'ä¸Šæ¬¡æ£€æŸ¥æ—¶é—´',
  `checkin_interval` bigint NOT NULL COMMENT 'æ£€æŸ¥é—´éš”æ—¶é—´',
  PRIMARY KEY (`sched_name`,`instance_name`)
) ENGINE=InnoDB DEFAULT CHARSET=utf8mb3 COMMENT='è°ƒåº¦å™¨çŠ¶æ€è¡¨';
/*!40101 SET character_set_client = @saved_cs_client */;

--
-- Dumping data for table `QRTZ_SCHEDULER_STATE`
--

LOCK TABLES `QRTZ_SCHEDULER_STATE` WRITE;
/*!40000 ALTER TABLE `QRTZ_SCHEDULER_STATE` DISABLE KEYS */;
INSERT INTO `QRTZ_SCHEDULER_STATE` VALUES ('RuoyiScheduler','xiaoji-job-6b749df976-qps5d1640854799159',1641212805629,15000);
/*!40000 ALTER TABLE `QRTZ_SCHEDULER_STATE` ENABLE KEYS */;
UNLOCK TABLES;

--
-- Table structure for table `QRTZ_SIMPLE_TRIGGERS`
--

DROP TABLE IF EXISTS `QRTZ_SIMPLE_TRIGGERS`;
/*!40101 SET @saved_cs_client     = @@character_set_client */;
/*!50503 SET character_set_client = utf8mb4 */;
CREATE TABLE `QRTZ_SIMPLE_TRIGGERS` (
  `sched_name` varchar(120) NOT NULL COMMENT 'è°ƒåº¦åç§°',
  `trigger_name` varchar(200) NOT NULL COMMENT 'qrtz_triggersè¡¨trigger_nameçš„å¤–é”®',
  `trigger_group` varchar(200) NOT NULL COMMENT 'qrtz_triggersè¡¨trigger_groupçš„å¤–é”®',
  `repeat_count` bigint NOT NULL COMMENT 'é‡å¤çš„æ¬¡æ•°ç»Ÿè®¡',
  `repeat_interval` bigint NOT NULL COMMENT 'é‡å¤çš„é—´éš”æ—¶é—´',
  `times_triggered` bigint NOT NULL COMMENT 'å·²ç»è§¦å‘çš„æ¬¡æ•°',
  PRIMARY KEY (`sched_name`,`trigger_name`,`trigger_group`),
  CONSTRAINT `QRTZ_SIMPLE_TRIGGERS_ibfk_1` FOREIGN KEY (`sched_name`, `trigger_name`, `trigger_group`) REFERENCES `QRTZ_TRIGGERS` (`sched_name`, `trigger_name`, `trigger_group`)
) ENGINE=InnoDB DEFAULT CHARSET=utf8mb3 COMMENT='ç®€å•è§¦å‘å™¨çš„ä¿¡æ¯è¡¨';
/*!40101 SET character_set_client = @saved_cs_client */;

--
-- Dumping data for table `QRTZ_SIMPLE_TRIGGERS`
--

LOCK TABLES `QRTZ_SIMPLE_TRIGGERS` WRITE;
/*!40000 ALTER TABLE `QRTZ_SIMPLE_TRIGGERS` DISABLE KEYS */;
/*!40000 ALTER TABLE `QRTZ_SIMPLE_TRIGGERS` ENABLE KEYS */;
UNLOCK TABLES;

--
-- Table structure for table `QRTZ_SIMPROP_TRIGGERS`
--

DROP TABLE IF EXISTS `QRTZ_SIMPROP_TRIGGERS`;
/*!40101 SET @saved_cs_client     = @@character_set_client */;
/*!50503 SET character_set_client = utf8mb4 */;
CREATE TABLE `QRTZ_SIMPROP_TRIGGERS` (
  `sched_name` varchar(120) NOT NULL COMMENT 'è°ƒåº¦åç§°',
  `trigger_name` varchar(200) NOT NULL COMMENT 'qrtz_triggersè¡¨trigger_nameçš„å¤–é”®',
  `trigger_group` varchar(200) NOT NULL COMMENT 'qrtz_triggersè¡¨trigger_groupçš„å¤–é”®',
  `str_prop_1` varchar(512) DEFAULT NULL COMMENT 'Stringç±»å‹çš„triggerçš„ç¬¬ä¸€ä¸ªå‚æ•°',
  `str_prop_2` varchar(512) DEFAULT NULL COMMENT 'Stringç±»å‹çš„triggerçš„ç¬¬äºŒä¸ªå‚æ•°',
  `str_prop_3` varchar(512) DEFAULT NULL COMMENT 'Stringç±»å‹çš„triggerçš„ç¬¬ä¸‰ä¸ªå‚æ•°',
  `int_prop_1` int DEFAULT NULL COMMENT 'intç±»å‹çš„triggerçš„ç¬¬ä¸€ä¸ªå‚æ•°',
  `int_prop_2` int DEFAULT NULL COMMENT 'intç±»å‹çš„triggerçš„ç¬¬äºŒä¸ªå‚æ•°',
  `long_prop_1` bigint DEFAULT NULL COMMENT 'longç±»å‹çš„triggerçš„ç¬¬ä¸€ä¸ªå‚æ•°',
  `long_prop_2` bigint DEFAULT NULL COMMENT 'longç±»å‹çš„triggerçš„ç¬¬äºŒä¸ªå‚æ•°',
  `dec_prop_1` decimal(13,4) DEFAULT NULL COMMENT 'decimalç±»å‹çš„triggerçš„ç¬¬ä¸€ä¸ªå‚æ•°',
  `dec_prop_2` decimal(13,4) DEFAULT NULL COMMENT 'decimalç±»å‹çš„triggerçš„ç¬¬äºŒä¸ªå‚æ•°',
  `bool_prop_1` varchar(1) DEFAULT NULL COMMENT 'Booleanç±»å‹çš„triggerçš„ç¬¬ä¸€ä¸ªå‚æ•°',
  `bool_prop_2` varchar(1) DEFAULT NULL COMMENT 'Booleanç±»å‹çš„triggerçš„ç¬¬äºŒä¸ªå‚æ•°',
  PRIMARY KEY (`sched_name`,`trigger_name`,`trigger_group`),
  CONSTRAINT `QRTZ_SIMPROP_TRIGGERS_ibfk_1` FOREIGN KEY (`sched_name`, `trigger_name`, `trigger_group`) REFERENCES `QRTZ_TRIGGERS` (`sched_name`, `trigger_name`, `trigger_group`)
) ENGINE=InnoDB DEFAULT CHARSET=utf8mb3 COMMENT='åŒæ­¥æœºåˆ¶çš„è¡Œé”è¡¨';
/*!40101 SET character_set_client = @saved_cs_client */;

--
-- Dumping data for table `QRTZ_SIMPROP_TRIGGERS`
--

LOCK TABLES `QRTZ_SIMPROP_TRIGGERS` WRITE;
/*!40000 ALTER TABLE `QRTZ_SIMPROP_TRIGGERS` DISABLE KEYS */;
/*!40000 ALTER TABLE `QRTZ_SIMPROP_TRIGGERS` ENABLE KEYS */;
UNLOCK TABLES;

--
-- Table structure for table `QRTZ_TRIGGERS`
--

DROP TABLE IF EXISTS `QRTZ_TRIGGERS`;
/*!40101 SET @saved_cs_client     = @@character_set_client */;
/*!50503 SET character_set_client = utf8mb4 */;
CREATE TABLE `QRTZ_TRIGGERS` (
  `sched_name` varchar(120) NOT NULL COMMENT 'è°ƒåº¦åç§°',
  `trigger_name` varchar(200) NOT NULL COMMENT 'è§¦å‘å™¨çš„åå­—',
  `trigger_group` varchar(200) NOT NULL COMMENT 'è§¦å‘å™¨æ‰€å±ç»„çš„åå­—',
  `job_name` varchar(200) NOT NULL COMMENT 'qrtz_job_detailsè¡¨job_nameçš„å¤–é”®',
  `job_group` varchar(200) NOT NULL COMMENT 'qrtz_job_detailsè¡¨job_groupçš„å¤–é”®',
  `description` varchar(250) DEFAULT NULL COMMENT 'ç›¸å…³ä»‹ç»',
  `next_fire_time` bigint DEFAULT NULL COMMENT 'ä¸Šä¸€æ¬¡è§¦å‘æ—¶é—´ï¼ˆæ¯«ç§’ï¼‰',
  `prev_fire_time` bigint DEFAULT NULL COMMENT 'ä¸‹ä¸€æ¬¡è§¦å‘æ—¶é—´ï¼ˆé»˜è®¤ä¸º-1è¡¨ç¤ºä¸è§¦å‘ï¼‰',
  `priority` int DEFAULT NULL COMMENT 'ä¼˜å…ˆçº§',
  `trigger_state` varchar(16) NOT NULL COMMENT 'è§¦å‘å™¨çŠ¶æ€',
  `trigger_type` varchar(8) NOT NULL COMMENT 'è§¦å‘å™¨çš„ç±»å‹',
  `start_time` bigint NOT NULL COMMENT 'å¼€å§‹æ—¶é—´',
  `end_time` bigint DEFAULT NULL COMMENT 'ç»“æŸæ—¶é—´',
  `calendar_name` varchar(200) DEFAULT NULL COMMENT 'æ—¥ç¨‹è¡¨åç§°',
  `misfire_instr` smallint DEFAULT NULL COMMENT 'è¡¥å¿æ‰§è¡Œçš„ç­–ç•¥',
  `job_data` blob COMMENT 'å­˜æ”¾æŒä¹…åŒ–jobå¯¹è±¡',
  PRIMARY KEY (`sched_name`,`trigger_name`,`trigger_group`),
  KEY `sched_name` (`sched_name`,`job_name`,`job_group`),
  CONSTRAINT `QRTZ_TRIGGERS_ibfk_1` FOREIGN KEY (`sched_name`, `job_name`, `job_group`) REFERENCES `QRTZ_JOB_DETAILS` (`sched_name`, `job_name`, `job_group`)
) ENGINE=InnoDB DEFAULT CHARSET=utf8mb3 COMMENT='è§¦å‘å™¨è¯¦ç»†ä¿¡æ¯è¡¨';
/*!40101 SET character_set_client = @saved_cs_client */;

--
-- Dumping data for table `QRTZ_TRIGGERS`
--

LOCK TABLES `QRTZ_TRIGGERS` WRITE;
/*!40000 ALTER TABLE `QRTZ_TRIGGERS` DISABLE KEYS */;
INSERT INTO `QRTZ_TRIGGERS` VALUES ('RuoyiScheduler','TASK_CLASS_NAME1','DEFAULT','TASK_CLASS_NAME1','DEFAULT',NULL,1640854800000,-1,5,'PAUSED','CRON',1640854800000,0,NULL,2,''),('RuoyiScheduler','TASK_CLASS_NAME2','DEFAULT','TASK_CLASS_NAME2','DEFAULT',NULL,1640854815000,-1,5,'PAUSED','CRON',1640854801000,0,NULL,2,''),('RuoyiScheduler','TASK_CLASS_NAME3','DEFAULT','TASK_CLASS_NAME3','DEFAULT',NULL,1640854820000,-1,5,'PAUSED','CRON',1640854802000,0,NULL,2,'');
/*!40000 ALTER TABLE `QRTZ_TRIGGERS` ENABLE KEYS */;
UNLOCK TABLES;

--
-- Table structure for table `gen_table`
--

DROP TABLE IF EXISTS `gen_table`;
/*!40101 SET @saved_cs_client     = @@character_set_client */;
/*!50503 SET character_set_client = utf8mb4 */;
CREATE TABLE `gen_table` (
  `table_id` bigint NOT NULL AUTO_INCREMENT COMMENT 'ç¼–å·',
  `table_name` varchar(200) DEFAULT '' COMMENT 'è¡¨åç§°',
  `table_comment` varchar(500) DEFAULT '' COMMENT 'è¡¨æè¿°',
  `sub_table_name` varchar(64) DEFAULT NULL COMMENT 'å…³è”å­è¡¨çš„è¡¨å',
  `sub_table_fk_name` varchar(64) DEFAULT NULL COMMENT 'å­è¡¨å…³è”çš„å¤–é”®å',
  `class_name` varchar(100) DEFAULT '' COMMENT 'å®ä½“ç±»åç§°',
  `tpl_category` varchar(200) DEFAULT 'crud' COMMENT 'ä½¿ç”¨çš„æ¨¡æ¿ï¼ˆcrudå•è¡¨æ“ä½œ treeæ ‘è¡¨æ“ä½œï¼‰',
  `package_name` varchar(100) DEFAULT NULL COMMENT 'ç”ŸæˆåŒ…è·¯å¾„',
  `module_name` varchar(30) DEFAULT NULL COMMENT 'ç”Ÿæˆæ¨¡å—å',
  `business_name` varchar(30) DEFAULT NULL COMMENT 'ç”Ÿæˆä¸šåŠ¡å',
  `function_name` varchar(50) DEFAULT NULL COMMENT 'ç”ŸæˆåŠŸèƒ½å',
  `function_author` varchar(50) DEFAULT NULL COMMENT 'ç”ŸæˆåŠŸèƒ½ä½œè€…',
  `gen_type` char(1) DEFAULT '0' COMMENT 'ç”Ÿæˆä»£ç æ–¹å¼ï¼ˆ0zipå‹ç¼©åŒ… 1è‡ªå®šä¹‰è·¯å¾„ï¼‰',
  `gen_path` varchar(200) DEFAULT '/' COMMENT 'ç”Ÿæˆè·¯å¾„ï¼ˆä¸å¡«é»˜è®¤é¡¹ç›®è·¯å¾„ï¼‰',
  `options` varchar(1000) DEFAULT NULL COMMENT 'å…¶å®ƒç”Ÿæˆé€‰é¡¹',
  `create_by` varchar(64) DEFAULT '' COMMENT 'åˆ›å»ºè€…',
  `create_time` datetime DEFAULT NULL COMMENT 'åˆ›å»ºæ—¶é—´',
  `update_by` varchar(64) DEFAULT '' COMMENT 'æ›´æ–°è€…',
  `update_time` datetime DEFAULT NULL COMMENT 'æ›´æ–°æ—¶é—´',
  `remark` varchar(500) DEFAULT NULL COMMENT 'å¤‡æ³¨',
  PRIMARY KEY (`table_id`)
) ENGINE=InnoDB AUTO_INCREMENT=23 DEFAULT CHARSET=utf8mb3 COMMENT='ä»£ç ç”Ÿæˆä¸šåŠ¡è¡¨';
/*!40101 SET character_set_client = @saved_cs_client */;

--
-- Dumping data for table `gen_table`
--

LOCK TABLES `gen_table` WRITE;
/*!40000 ALTER TABLE `gen_table` DISABLE KEYS */;
INSERT INTO `gen_table` VALUES (12,'iot_category','è®¾å¤‡åˆ†ç±»','','','IotCategory','crud','com.xiaoji.device','device','category','è®¾å¤‡åˆ†ç±»','xiaoji','0','/','{\"parentMenuId\":\"5\"}','admin','2021-05-06 13:31:29','','2021-05-07 08:22:58',NULL),(14,'iot_device_set','è®¾å¤‡é…ç½®',NULL,NULL,'IotDeviceSet','crud','com.xiaoji.device','device','set','è®¾å¤‡é…ç½®','xiaoji','0','/','{\"parentMenuId\":\"5\"}','admin','2021-05-06 13:31:32','','2021-05-06 15:14:45',NULL),(15,'iot_device_status','è®¾å¤‡çŠ¶æ€',NULL,NULL,'IotDeviceStatus','crud','com.xiaoji.device','device','status','è®¾å¤‡çŠ¶æ€','xiaoji','0','/','{\"parentMenuId\":\"5\"}','admin','2021-05-06 13:31:35','','2021-05-06 15:15:04',NULL),(17,'iot_group','è®¾å¤‡åˆ†ç»„',NULL,NULL,'IotGroup','crud','com.xiaoji.device','device','group','åˆ†ç»„','xiaoji','0','/','{\"parentMenuId\":\"5\"}','admin','2021-05-18 08:04:15','','2021-05-18 08:13:40',NULL),(18,'t_user_account_info','å°ç¨‹åºç”¨æˆ·è¡¨',NULL,NULL,'TUserAccountInfo','crud','com.xiaoji.device','device','info','å°ç¨‹åºç”¨æˆ·','xiaoji','0','/',NULL,'admin','2021-08-26 14:45:28','',NULL,NULL),(19,'t_user_login_log','',NULL,NULL,'TUserLoginLog','crud','com.xiaoji.device','device','log',NULL,'xiaoji','0','/',NULL,'admin','2021-08-26 14:45:29','',NULL,NULL),(20,'sys_user','ç”¨æˆ·ä¿¡æ¯è¡¨',NULL,NULL,'SysUser','crud','com.xiaoji.device','device','user','ç”¨æˆ·ä¿¡æ¯','xiaoji','0','/',NULL,'admin','2021-08-26 17:07:44','',NULL,NULL),(21,'iot_device_user_relation','',NULL,NULL,'IotDeviceUserRelation','crud','com.xiaoji.device','device','relation',NULL,'xiaoji','0','/',NULL,'admin','2021-08-27 11:55:05','',NULL,NULL),(22,'iot_device','',NULL,NULL,'IotDevice','crud','com.xiaoji.device','device','device',NULL,'xiaoji','0','/',NULL,'admin','2021-08-27 13:45:40','',NULL,NULL);
/*!40000 ALTER TABLE `gen_table` ENABLE KEYS */;
UNLOCK TABLES;

--
-- Table structure for table `gen_table_column`
--

DROP TABLE IF EXISTS `gen_table_column`;
/*!40101 SET @saved_cs_client     = @@character_set_client */;
/*!50503 SET character_set_client = utf8mb4 */;
CREATE TABLE `gen_table_column` (
  `column_id` bigint NOT NULL AUTO_INCREMENT COMMENT 'ç¼–å·',
  `table_id` varchar(64) DEFAULT NULL COMMENT 'å½’å±è¡¨ç¼–å·',
  `column_name` varchar(200) DEFAULT NULL COMMENT 'åˆ—åç§°',
  `column_comment` varchar(500) DEFAULT NULL COMMENT 'åˆ—æè¿°',
  `column_type` varchar(100) DEFAULT NULL COMMENT 'åˆ—ç±»å‹',
  `java_type` varchar(500) DEFAULT NULL COMMENT 'JAVAç±»å‹',
  `java_field` varchar(200) DEFAULT NULL COMMENT 'JAVAå­—æ®µå',
  `is_pk` char(1) DEFAULT NULL COMMENT 'æ˜¯å¦ä¸»é”®ï¼ˆ1æ˜¯ï¼‰',
  `is_increment` char(1) DEFAULT NULL COMMENT 'æ˜¯å¦è‡ªå¢ï¼ˆ1æ˜¯ï¼‰',
  `is_required` char(1) DEFAULT NULL COMMENT 'æ˜¯å¦å¿…å¡«ï¼ˆ1æ˜¯ï¼‰',
  `is_insert` char(1) DEFAULT NULL COMMENT 'æ˜¯å¦ä¸ºæ’å…¥å­—æ®µï¼ˆ1æ˜¯ï¼‰',
  `is_edit` char(1) DEFAULT NULL COMMENT 'æ˜¯å¦ç¼–è¾‘å­—æ®µï¼ˆ1æ˜¯ï¼‰',
  `is_list` char(1) DEFAULT NULL COMMENT 'æ˜¯å¦åˆ—è¡¨å­—æ®µï¼ˆ1æ˜¯ï¼‰',
  `is_query` char(1) DEFAULT NULL COMMENT 'æ˜¯å¦æŸ¥è¯¢å­—æ®µï¼ˆ1æ˜¯ï¼‰',
  `query_type` varchar(200) DEFAULT 'EQ' COMMENT 'æŸ¥è¯¢æ–¹å¼ï¼ˆç­‰äºã€ä¸ç­‰äºã€å¤§äºã€å°äºã€èŒƒå›´ï¼‰',
  `html_type` varchar(200) DEFAULT NULL COMMENT 'æ˜¾ç¤ºç±»å‹ï¼ˆæ–‡æœ¬æ¡†ã€æ–‡æœ¬åŸŸã€ä¸‹æ‹‰æ¡†ã€å¤é€‰æ¡†ã€å•é€‰æ¡†ã€æ—¥æœŸæ§ä»¶ï¼‰',
  `dict_type` varchar(200) DEFAULT '' COMMENT 'å­—å…¸ç±»å‹',
  `sort` int DEFAULT NULL COMMENT 'æ’åº',
  `create_by` varchar(64) DEFAULT '' COMMENT 'åˆ›å»ºè€…',
  `create_time` datetime DEFAULT NULL COMMENT 'åˆ›å»ºæ—¶é—´',
  `update_by` varchar(64) DEFAULT '' COMMENT 'æ›´æ–°è€…',
  `update_time` datetime DEFAULT NULL COMMENT 'æ›´æ–°æ—¶é—´',
  PRIMARY KEY (`column_id`)
) ENGINE=InnoDB AUTO_INCREMENT=371 DEFAULT CHARSET=utf8mb3 COMMENT='ä»£ç ç”Ÿæˆä¸šåŠ¡è¡¨å­—æ®µ';
/*!40101 SET character_set_client = @saved_cs_client */;

--
-- Dumping data for table `gen_table_column`
--

LOCK TABLES `gen_table_column` WRITE;
/*!40000 ALTER TABLE `gen_table_column` DISABLE KEYS */;
INSERT INTO `gen_table_column` VALUES (217,'12','category_id','åºå·','bigint(20)','Long','categoryId','1','1',NULL,'1',NULL,NULL,NULL,'EQ','input','',1,'admin','2021-05-06 13:31:29','','2021-05-07 08:22:58'),(218,'12','category_name','åˆ†ç±»åç§°','varchar(100)','String','categoryName','0','0','1','1','1','1','1','LIKE','input','',2,'admin','2021-05-06 13:31:29','','2021-05-07 08:22:58'),(219,'12','del_flag','åˆ é™¤æ ‡å¿—ï¼ˆ0ä»£è¡¨å­˜åœ¨ 2ä»£è¡¨åˆ é™¤ï¼‰','char(1)','String','delFlag','0','0',NULL,'1',NULL,NULL,NULL,'EQ','input','',3,'admin','2021-05-06 13:31:29','','2021-05-07 08:22:58'),(220,'12','create_by','åˆ›å»ºè€…','varchar(64)','String','createBy','0','0',NULL,'1',NULL,NULL,NULL,'EQ','input','',4,'admin','2021-05-06 13:31:29','','2021-05-07 08:22:58'),(221,'12','create_time','åˆ›å»ºæ—¶é—´','datetime','Date','createTime','0','0',NULL,'1',NULL,NULL,NULL,'EQ','datetime','',5,'admin','2021-05-06 13:31:29','','2021-05-07 08:22:58'),(222,'12','update_by','æ›´æ–°è€…','varchar(64)','String','updateBy','0','0',NULL,'1','1',NULL,NULL,'EQ','input','',6,'admin','2021-05-06 13:31:29','','2021-05-07 08:22:58'),(223,'12','update_time','æ›´æ–°æ—¶é—´','datetime','Date','updateTime','0','0',NULL,'1','1',NULL,NULL,'EQ','datetime','',7,'admin','2021-05-06 13:31:30','','2021-05-07 08:22:59'),(224,'12','remark','å¤‡æ³¨','varchar(500)','String','remark','0','0',NULL,'1','1','1',NULL,'EQ','textarea','',8,'admin','2021-05-06 13:31:30','','2021-05-07 08:22:59'),(237,'14','device_config_id','åºå·','bigint(20)','Long','deviceConfigId','1','0',NULL,'1',NULL,NULL,NULL,'EQ','input','',1,'admin','2021-05-06 13:31:32','','2021-05-06 15:14:45'),(238,'14','device_id','è®¾å¤‡','bigint(20)','Long','deviceId','0','0',NULL,'1','1','1','1','EQ','input','',2,'admin','2021-05-06 13:31:32','','2021-05-06 15:14:45'),(239,'14','device_num','è®¾å¤‡ç¼–å·','varchar(64)','String','deviceNum','0','0','1','1','1','1','1','LIKE','input','',3,'admin','2021-05-06 13:31:32','','2021-05-06 15:14:45'),(240,'14','is_alarm','æŠ¥è­¦','tinyint(1)','Integer','isAlarm','0','0',NULL,'1','1','1','1','EQ','radio','sys_yes_no',4,'admin','2021-05-06 13:31:32','','2021-05-06 15:14:45'),(241,'14','is_radar','é›·è¾¾æ„Ÿåº”','tinyint(1)','Integer','isRadar','0','0',NULL,'1','1','1','1','EQ','radio','sys_yes_no',5,'admin','2021-05-06 13:31:32','','2021-05-06 15:14:45'),(242,'14','is_host','æ‰˜ç®¡','tinyint(1)','Integer','isHost','0','0',NULL,'1','1','1','1','EQ','radio','sys_yes_no',6,'admin','2021-05-06 13:31:32','','2021-05-06 15:14:46'),(243,'14','is_reset','é‡å¯','tinyint(1)','Integer','isReset','0','0',NULL,'1','1','1',NULL,'EQ','radio','sys_yes_no',7,'admin','2021-05-06 13:31:33','','2021-05-06 15:14:46'),(244,'14','is_ap','æ‰“å¼€AP','tinyint(1)','Integer','isAp','0','0',NULL,'1','1','1',NULL,'EQ','radio','sys_yes_no',8,'admin','2021-05-06 13:31:33','','2021-05-06 15:14:46'),(245,'14','is_rf_control','å°„é¢‘é¥æ§','tinyint(1)','Integer','isRfControl','0','0',NULL,'1','1','1','1','EQ','radio','sys_yes_no',9,'admin','2021-05-06 13:31:33','','2021-05-06 15:14:46'),(246,'14','is_rf_learn','é¥æ§é…å¯¹','tinyint(1)','Integer','isRfLearn','0','0',NULL,'1','1','1',NULL,'EQ','radio','sys_yes_no',10,'admin','2021-05-06 13:31:33','','2021-05-06 15:14:46'),(247,'14','is_rf_clear','é¥æ§æ¸…ç ','tinyint(1)','Integer','isRfClear','0','0',NULL,'1','1','1',NULL,'EQ','radio','sys_yes_no',11,'admin','2021-05-06 13:31:33','','2021-05-06 15:14:46'),(248,'14','rf_one_func','æŒ‰é”®ä¸€','tinyint(10)','Integer','rfOneFunc','0','0',NULL,'1','1','1',NULL,'EQ','select','rf_function',12,'admin','2021-05-06 13:31:33','','2021-05-06 15:14:46'),(249,'14','rf_two_func','æŒ‰é”®äºŒ','tinyint(10)','Integer','rfTwoFunc','0','0',NULL,'1','1','1',NULL,'EQ','select','rf_function',13,'admin','2021-05-06 13:31:33','','2021-05-06 15:14:47'),(250,'14','rf_three_func','æŒ‰é”®ä¸‰','tinyint(10)','Integer','rfThreeFunc','0','0',NULL,'1','1','1',NULL,'EQ','select','rf_function',14,'admin','2021-05-06 13:31:34','','2021-05-06 15:14:47'),(251,'14','rf_four_func','æŒ‰é”®å››','tinyint(10)','Integer','rfFourFunc','0','0',NULL,'1','1','1',NULL,'EQ','select','rf_function',15,'admin','2021-05-06 13:31:34','','2021-05-06 15:14:47'),(252,'14','owner_id','ç”¨æˆ·','varchar(64)','String','ownerId','0','0',NULL,'1','1','1','1','LIKE','input','',16,'admin','2021-05-06 13:31:34','','2021-05-06 15:14:47'),(253,'14','network_address','é…ç½‘åœ°å€','varchar(255)','String','networkAddress','0','0',NULL,'1','1','1','1','LIKE','input','',17,'admin','2021-05-06 13:31:34','','2021-05-06 15:14:47'),(254,'14','network_ip','é…ç½‘IP','varchar(32)','String','networkIp','0','0',NULL,'1','1','1',NULL,'EQ','input','',18,'admin','2021-05-06 13:31:34','','2021-05-06 15:14:47'),(255,'14','del_flag','åˆ é™¤æ ‡å¿—ï¼ˆ0ä»£è¡¨å­˜åœ¨ 2ä»£è¡¨åˆ é™¤ï¼‰','char(1)','String','delFlag','0','0',NULL,'1',NULL,NULL,NULL,'EQ','input','',19,'admin','2021-05-06 13:31:34','','2021-05-06 15:14:47'),(256,'14','create_by','åˆ›å»ºè€…','varchar(64)','String','createBy','0','0',NULL,'1',NULL,NULL,NULL,'EQ','input','',20,'admin','2021-05-06 13:31:34','','2021-05-06 15:14:47'),(257,'14','create_time','åˆ›å»ºæ—¶é—´','datetime','Date','createTime','0','0',NULL,'1',NULL,NULL,'1','BETWEEN','datetime','',21,'admin','2021-05-06 13:31:34','','2021-05-06 15:14:47'),(258,'14','update_by','æ›´æ–°è€…','varchar(64)','String','updateBy','0','0',NULL,'1','1',NULL,NULL,'EQ','input','',22,'admin','2021-05-06 13:31:35','','2021-05-06 15:14:48'),(259,'14','update_time','æ›´æ–°æ—¶é—´','datetime','Date','updateTime','0','0','1','1','1',NULL,NULL,'EQ','datetime','',23,'admin','2021-05-06 13:31:35','','2021-05-06 15:14:48'),(260,'14','remark','å¤‡æ³¨','varchar(500)','String','remark','0','0',NULL,'1','1','1',NULL,'EQ','textarea','',24,'admin','2021-05-06 13:31:35','','2021-05-06 15:14:48'),(261,'15','device_status_id','åºå·','bigint(20)','Long','deviceStatusId','1','1',NULL,'1',NULL,NULL,NULL,'EQ','input','',1,'admin','2021-05-06 13:31:35','','2021-05-06 15:15:04'),(262,'15','device_id','è®¾å¤‡','bigint(20)','Long','deviceId','0','0',NULL,'1','1','1','1','EQ','input','',2,'admin','2021-05-06 13:31:35','','2021-05-06 15:15:04'),(263,'15','device_num','è®¾å¤‡ç¼–å·','varchar(64)','String','deviceNum','0','0','1','1','1','1','1','EQ','input','',3,'admin','2021-05-06 13:31:35','','2021-05-06 15:15:04'),(264,'15','relay_status','ç»§ç”µå™¨','tinyint(1)','Integer','relayStatus','0','0',NULL,'1','1','1','1','EQ','radio','sys_yes_no',4,'admin','2021-05-06 13:31:36','','2021-05-06 15:15:05'),(265,'15','light_status','ç¯çŠ¶æ€','tinyint(1)','Integer','lightStatus','0','0',NULL,'1','1','1','1','EQ','radio','sys_yes_no',5,'admin','2021-05-06 13:31:36','','2021-05-06 15:15:05'),(266,'15','is_online','åœ¨çº¿','tinyint(1)','Integer','isOnline','0','0',NULL,'1','1','1','1','EQ','radio','sys_yes_no',6,'admin','2021-05-06 13:31:36','','2021-05-06 15:15:05'),(267,'15','device_temperature','è®¾å¤‡æ¸©åº¦','float(6,2)','BigDecimal','deviceTemperature','0','0',NULL,'1','1','1',NULL,'EQ','input','',7,'admin','2021-05-06 13:31:36','','2021-05-06 15:15:05'),(268,'15','device_humidity','è®¾å¤‡æ¹¿åº¦','float(6,2)','BigDecimal','deviceHumidity','0','0',NULL,'1','1','1',NULL,'EQ','input','',8,'admin','2021-05-06 13:31:36','','2021-05-06 15:15:05'),(269,'15','air_temperature','ç©ºæ°”æ¸©åº¦','float(6,2)','BigDecimal','airTemperature','0','0',NULL,'1','1','1',NULL,'EQ','input','',9,'admin','2021-05-06 13:31:36','','2021-05-06 15:15:05'),(270,'15','air_humidity','ç©ºæ°”æ¹¿åº¦','float(6,2)','BigDecimal','airHumidity','0','0',NULL,'1','1','1',NULL,'EQ','input','',10,'admin','2021-05-06 13:31:36','','2021-05-06 15:15:05'),(271,'15','trigger_source','è§¦å‘æº','tinyint(10)','Integer','triggerSource','0','0',NULL,'1','1','1','1','EQ','select','iot_trigger_source',11,'admin','2021-05-06 13:31:36','','2021-05-06 15:15:05'),(272,'15','brightness','å½©ç¯äº®åº¦','tinyint(10) unsigned','Integer','brightness','0','0',NULL,'1','1','1',NULL,'EQ','input','',12,'admin','2021-05-06 13:31:37','','2021-05-06 15:15:05'),(273,'15','light_interval','æ¸å˜é—´éš”','smallint(10)','Integer','lightInterval','0','0',NULL,'1','1','1',NULL,'EQ','input','',13,'admin','2021-05-06 13:31:37','','2021-05-06 15:15:06'),(274,'15','light_mode','å½©ç¯æ¨¡å¼','tinyint(10)','Integer','lightMode','0','0',NULL,'1','1','1',NULL,'EQ','select','light_mode',14,'admin','2021-05-06 13:31:37','','2021-05-06 15:15:06'),(275,'15','red','çº¢ç¯','tinyint(255) unsigned','Long','red','0','0',NULL,'1','1','1',NULL,'EQ','input','',15,'admin','2021-05-06 13:31:37','','2021-05-06 15:15:06'),(276,'15','green','ç»¿ç¯','tinyint(255) unsigned','Long','green','0','0',NULL,'1','1','1',NULL,'EQ','input','',16,'admin','2021-05-06 13:31:37','','2021-05-06 15:15:06'),(277,'15','blue','è“ç¯','tinyint(255) unsigned','Long','blue','0','0',NULL,'1','1','1',NULL,'EQ','input','',17,'admin','2021-05-06 13:31:37','','2021-05-06 15:15:06'),(278,'15','del_flag','åˆ é™¤æ ‡å¿—ï¼ˆ0ä»£è¡¨å­˜åœ¨ 2ä»£è¡¨åˆ é™¤ï¼‰','char(1)','String','delFlag','0','0',NULL,'1',NULL,NULL,NULL,'EQ','input','',18,'admin','2021-05-06 13:31:37','','2021-05-06 15:15:06'),(279,'15','create_by','åˆ›å»ºè€…','varchar(64)','String','createBy','0','0',NULL,'1',NULL,NULL,NULL,'EQ','input','',19,'admin','2021-05-06 13:31:38','','2021-05-06 15:15:06'),(280,'15','create_time','åˆ›å»ºæ—¶é—´','datetime','Date','createTime','0','0',NULL,'1',NULL,NULL,'1','BETWEEN','datetime','',20,'admin','2021-05-06 13:31:38','','2021-05-06 15:15:06'),(281,'15','update_by','æ›´æ–°è€…','varchar(64)','String','updateBy','0','0',NULL,'1','1',NULL,NULL,'EQ','input','',21,'admin','2021-05-06 13:31:38','','2021-05-06 15:15:07'),(282,'15','update_time','æ›´æ–°æ—¶é—´','datetime','Date','updateTime','0','0','1','1','1',NULL,NULL,'EQ','datetime','',22,'admin','2021-05-06 13:31:38','','2021-05-06 15:15:07'),(283,'15','remark','å¤‡æ³¨','varchar(500)','String','remark','0','0',NULL,'1','1','1',NULL,'EQ','textarea','',23,'admin','2021-05-06 13:31:38','','2021-05-06 15:15:07'),(294,'17','group_id','è®¾å¤‡åˆ†ç»„','bigint(20)','Long','groupId','1','1',NULL,'1',NULL,NULL,NULL,'EQ','input','',1,'admin','2021-05-18 08:04:15','','2021-05-18 08:13:40'),(295,'17','user_id','ç”¨æˆ·','bigint(20)','Long','userId','0','0','1','1','1','1','1','EQ','input','',2,'admin','2021-05-18 08:04:16','','2021-05-18 08:13:40'),(296,'17','group_name','åˆ†ç»„åç§°','varchar(100)','String','groupName','0','0','1','1','1','1','1','LIKE','input','',3,'admin','2021-05-18 08:04:16','','2021-05-18 08:13:40'),(297,'17','group_order','æ’åº','smallint(5) unsigned zerofill','Integer','groupOrder','0','0',NULL,'1','1','1',NULL,'EQ','input','',4,'admin','2021-05-18 08:04:16','','2021-05-18 08:13:41'),(298,'17','del_flag','åˆ é™¤æ ‡å¿—ï¼ˆ0ä»£è¡¨å­˜åœ¨ 2ä»£è¡¨åˆ é™¤ï¼‰','char(1)','String','delFlag','0','0',NULL,NULL,NULL,NULL,NULL,'EQ','input','',5,'admin','2021-05-18 08:04:16','','2021-05-18 08:13:41'),(299,'17','create_by','åˆ›å»ºè€…','varchar(64)','String','createBy','0','0',NULL,'1',NULL,NULL,NULL,'EQ','input','',6,'admin','2021-05-18 08:04:16','','2021-05-18 08:13:41'),(300,'17','create_time','åˆ›å»ºæ—¶é—´','datetime','Date','createTime','0','0',NULL,'1',NULL,'1','1','BETWEEN','datetime','',7,'admin','2021-05-18 08:04:17','','2021-05-18 08:13:41'),(301,'17','update_by','æ›´æ–°è€…','varchar(64)','String','updateBy','0','0',NULL,'1','1',NULL,NULL,'EQ','input','',8,'admin','2021-05-18 08:04:17','','2021-05-18 08:13:41'),(302,'17','update_time','æ›´æ–°æ—¶é—´','datetime','Date','updateTime','0','0',NULL,'1','1',NULL,NULL,'EQ','datetime','',9,'admin','2021-05-18 08:04:17','','2021-05-18 08:13:41'),(303,'17','remark','å¤‡æ³¨','varchar(500)','String','remark','0','0',NULL,'1','1','1',NULL,'EQ','textarea','',10,'admin','2021-05-18 08:04:17','','2021-05-18 08:13:42'),(304,'18','id',NULL,'int','Long','id','1','1',NULL,'1',NULL,NULL,NULL,'EQ','input','',1,'admin','2021-08-26 14:45:28','',NULL),(305,'18','sessionKey','sessionKey','varchar(255)','String','sessionkey','0','0',NULL,'1','1','1','1','EQ','input','',2,'admin','2021-08-26 14:45:28','',NULL),(306,'18','access_token','accessToken','varchar(255)','String','accessToken','0','0',NULL,'1','1','1','1','EQ','input','',3,'admin','2021-08-26 14:45:28','',NULL),(307,'18','open_id',NULL,'varchar(50)','String','openId','0','0','1','1','1','1','1','EQ','input','',4,'admin','2021-08-26 14:45:28','',NULL),(308,'18','union_id',NULL,'varchar(50)','String','unionId','0','0',NULL,'1','1','1','1','EQ','input','',5,'admin','2021-08-26 14:45:28','',NULL),(309,'18','nick_name','æ˜µç§°','varchar(255)','String','nickName','0','0',NULL,'1','1','1','1','LIKE','input','',6,'admin','2021-08-26 14:45:28','',NULL),(310,'18','avatar','å¤´åƒ','varchar(255)','String','avatar','0','0',NULL,'1','1','1','1','EQ','input','',7,'admin','2021-08-26 14:45:28','',NULL),(311,'18','phone','æ‰‹æœºå·','varchar(255)','String','phone','0','0',NULL,'1','1','1','1','EQ','input','',8,'admin','2021-08-26 14:45:28','',NULL),(312,'18','birthday','ç”Ÿæ—¥','varchar(255)','String','birthday','0','0',NULL,'1','1','1','1','EQ','input','',9,'admin','2021-08-26 14:45:28','',NULL),(313,'18','status','ç”¨æˆ·çŠ¶æ€ï¼š0-å†»ç»“ï¼Œ1-æ­£å¸¸','int','Long','status','0','0','1','1','1','1','1','EQ','radio','',10,'admin','2021-08-26 14:45:28','',NULL),(314,'18','country','å›½å®¶','varchar(255)','String','country','0','0',NULL,'1','1','1','1','EQ','input','',11,'admin','2021-08-26 14:45:29','',NULL),(315,'18','province','çœä»½','varchar(255)','String','province','0','0',NULL,'1','1','1','1','EQ','input','',12,'admin','2021-08-26 14:45:29','',NULL),(316,'18','city','åŸå¸‚','varchar(255)','String','city','0','0',NULL,'1','1','1','1','EQ','input','',13,'admin','2021-08-26 14:45:29','',NULL),(317,'18','address','åœ°å€','varchar(255)','String','address','0','0',NULL,'1','1','1','1','EQ','input','',14,'admin','2021-08-26 14:45:29','',NULL),(318,'18','user_type','ç”¨æˆ·ç±»å‹ï¼š0-æœªæˆæƒç”¨æˆ·ï¼Œ1-æ¶ˆè´¹è€…ï¼Œ2-å•†å®¶','int','Long','userType','0','0','1','1','1','1','1','EQ','select','',15,'admin','2021-08-26 14:45:29','',NULL),(319,'18','admin_id','ç»‘å®šçš„ç®¡ç†å‘˜ç¼–å·','int','Long','adminId','0','0',NULL,'1','1','1','1','EQ','input','',16,'admin','2021-08-26 14:45:29','',NULL),(320,'18','last_login_time',NULL,'timestamp','Date','lastLoginTime','0','0','1','1','1','1','1','EQ','datetime','',17,'admin','2021-08-26 14:45:29','',NULL),(321,'18','last_login_ip',NULL,'varchar(255)','String','lastLoginIp','0','0',NULL,'1','1','1','1','EQ','input','',18,'admin','2021-08-26 14:45:29','',NULL),(322,'18','gmt_time',NULL,'timestamp','Date','gmtTime','0','0','1','1','1','1','1','EQ','datetime','',19,'admin','2021-08-26 14:45:29','',NULL),(323,'18','gmt_update',NULL,'timestamp','Date','gmtUpdate','0','0','1','1','1','1','1','EQ','datetime','',20,'admin','2021-08-26 14:45:29','',NULL),(324,'19','id',NULL,'int','Long','id','1','1',NULL,'1',NULL,NULL,NULL,'EQ','input','',1,'admin','2021-08-26 14:45:29','',NULL),(325,'19','user_type','ç”¨æˆ·ç±»å‹','varchar(255)','String','userType','0','0',NULL,'1','1','1','1','EQ','select','',2,'admin','2021-08-26 14:45:29','',NULL),(326,'19','user_id',NULL,'int','Long','userId','0','0','1','1','1','1','1','EQ','input','',3,'admin','2021-08-26 14:45:29','',NULL),(327,'19','code',NULL,'varchar(50)','String','code','0','0','1','1','1','1','1','EQ','input','',4,'admin','2021-08-26 14:45:29','',NULL),(328,'19','open_id',NULL,'varchar(50)','String','openId','0','0','1','1','1','1','1','EQ','input','',5,'admin','2021-08-26 14:45:29','',NULL),(329,'19','ip','IPåœ°å€','varchar(30)','String','ip','0','0',NULL,'1','1','1','1','EQ','input','',6,'admin','2021-08-26 14:45:29','',NULL),(330,'19','gmt_time',NULL,'timestamp','Date','gmtTime','0','0',NULL,'1','1','1','1','EQ','datetime','',7,'admin','2021-08-26 14:45:29','',NULL),(331,'19','gmt_update',NULL,'timestamp','Date','gmtUpdate','0','0',NULL,'1','1','1','1','EQ','datetime','',8,'admin','2021-08-26 14:45:29','',NULL),(332,'20','user_id','ç”¨æˆ·ID','bigint','Long','userId','1','1',NULL,'1',NULL,NULL,NULL,'EQ','input','',1,'admin','2021-08-26 17:07:45','',NULL),(333,'20','dept_id','éƒ¨é—¨ID','bigint','Long','deptId','0','0',NULL,'1','1','1','1','EQ','input','',2,'admin','2021-08-26 17:07:45','',NULL),(334,'20','open_id','ç”¨æˆ·OpenId','varchar(40)','String','openId','0','0',NULL,'1','1','1','1','EQ','input','',3,'admin','2021-08-26 17:07:45','',NULL),(335,'20','user_name','ç”¨æˆ·è´¦å·','varchar(30)','String','userName','0','0','1','1','1','1','1','LIKE','input','',4,'admin','2021-08-26 17:07:45','',NULL),(336,'20','nick_name','ç”¨æˆ·æ˜µç§°','varchar(30)','String','nickName','0','0','1','1','1','1','1','LIKE','input','',5,'admin','2021-08-26 17:07:45','',NULL),(337,'20','user_type','ç”¨æˆ·ç±»å‹ï¼ˆ00ç³»ç»Ÿç”¨æˆ·ï¼‰','varchar(2)','String','userType','0','0',NULL,'1','1','1','1','EQ','select','',6,'admin','2021-08-26 17:07:45','',NULL),(338,'20','email','ç”¨æˆ·é‚®ç®±','varchar(50)','String','email','0','0',NULL,'1','1','1','1','EQ','input','',7,'admin','2021-08-26 17:07:45','',NULL),(339,'20','phonenumber','æ‰‹æœºå·ç ','varchar(11)','String','phonenumber','0','0',NULL,'1','1','1','1','EQ','input','',8,'admin','2021-08-26 17:07:45','',NULL),(340,'20','sex','ç”¨æˆ·æ€§åˆ«ï¼ˆ0ç”· 1å¥³ 2æœªçŸ¥ï¼‰','char(1)','String','sex','0','0',NULL,'1','1','1','1','EQ','select','',9,'admin','2021-08-26 17:07:45','',NULL),(341,'20','avatar','å¤´åƒåœ°å€','varchar(100)','String','avatar','0','0',NULL,'1','1','1','1','EQ','input','',10,'admin','2021-08-26 17:07:45','',NULL),(342,'20','password','å¯†ç ','varchar(100)','String','password','0','0',NULL,'1','1','1','1','EQ','input','',11,'admin','2021-08-26 17:07:45','',NULL),(343,'20','status','å¸å·çŠ¶æ€ï¼ˆ0æ­£å¸¸ 1åœç”¨ï¼‰','char(1)','String','status','0','0',NULL,'1','1','1','1','EQ','radio','',12,'admin','2021-08-26 17:07:45','',NULL),(344,'20','del_flag','åˆ é™¤æ ‡å¿—ï¼ˆ0ä»£è¡¨å­˜åœ¨ 2ä»£è¡¨åˆ é™¤ï¼‰','char(1)','String','delFlag','0','0',NULL,'1',NULL,NULL,NULL,'EQ','input','',13,'admin','2021-08-26 17:07:45','',NULL),(345,'20','login_ip','æœ€åç™»å½•IP','varchar(128)','String','loginIp','0','0',NULL,'1','1','1','1','EQ','input','',14,'admin','2021-08-26 17:07:45','',NULL),(346,'20','login_date','æœ€åç™»å½•æ—¶é—´','datetime','Date','loginDate','0','0',NULL,'1','1','1','1','EQ','datetime','',15,'admin','2021-08-26 17:07:45','',NULL),(347,'20','create_by','åˆ›å»ºè€…','varchar(64)','String','createBy','0','0',NULL,'1',NULL,NULL,NULL,'EQ','input','',16,'admin','2021-08-26 17:07:45','',NULL),(348,'20','create_time','åˆ›å»ºæ—¶é—´','datetime','Date','createTime','0','0',NULL,'1',NULL,NULL,NULL,'EQ','datetime','',17,'admin','2021-08-26 17:07:45','',NULL),(349,'20','update_by','æ›´æ–°è€…','varchar(64)','String','updateBy','0','0',NULL,'1','1',NULL,NULL,'EQ','input','',18,'admin','2021-08-26 17:07:45','',NULL),(350,'20','update_time','æ›´æ–°æ—¶é—´','datetime','Date','updateTime','0','0',NULL,'1','1',NULL,NULL,'EQ','datetime','',19,'admin','2021-08-26 17:07:45','',NULL),(351,'20','remark','å¤‡æ³¨','varchar(500)','String','remark','0','0',NULL,'1','1','1',NULL,'EQ','textarea','',20,'admin','2021-08-26 17:07:45','',NULL),(352,'21','id',NULL,'int','Long','id','1','1',NULL,'1',NULL,NULL,NULL,'EQ','input','',1,'admin','2021-08-27 11:55:05','',NULL),(353,'21','user_id',NULL,'int','Long','userId','0','0','1','1','1','1','1','EQ','input','',2,'admin','2021-08-27 11:55:05','',NULL),(354,'21','device_id',NULL,'int','Long','deviceId','0','0','1','1','1','1','1','EQ','input','',3,'admin','2021-08-27 11:55:06','',NULL),(355,'21','device_num',NULL,'varchar(60)','String','deviceNum','0','0','1','1','1','1','1','EQ','input','',4,'admin','2021-08-27 11:55:06','',NULL),(356,'21','gmt_time',NULL,'timestamp','Date','gmtTime','0','0',NULL,'1','1','1','1','EQ','datetime','',5,'admin','2021-08-27 11:55:06','',NULL),(357,'21','gmt_update',NULL,'timestamp','Date','gmtUpdate','0','0',NULL,'1','1','1','1','EQ','datetime','',6,'admin','2021-08-27 11:55:06','',NULL),(358,'22','device_id','è®¾å¤‡ID','bigint','Long','deviceId','1','1',NULL,'1',NULL,NULL,NULL,'EQ','input','',1,'admin','2021-08-27 13:45:40','',NULL),(359,'22','device_num','è®¾å¤‡ç¼–å·','varchar(64)','String','deviceNum','0','0','1','1','1','1','1','EQ','input','',2,'admin','2021-08-27 13:45:40','',NULL),(360,'22','category_id','è®¾å¤‡åˆ†ç±»','bigint','Long','categoryId','0','0',NULL,'1','1','1','1','EQ','input','',3,'admin','2021-08-27 13:45:40','',NULL),(361,'22','device_name','è®¾å¤‡åç§°','varchar(64)','String','deviceName','0','0','1','1','1','1','1','LIKE','input','',4,'admin','2021-08-27 13:45:40','',NULL),(362,'22','firmware_version','å›ºä»¶ç‰ˆæœ¬','varchar(32)','String','firmwareVersion','0','0',NULL,'1','1','1','1','EQ','input','',5,'admin','2021-08-27 13:45:40','',NULL),(363,'22','owner_id','è®¾å¤‡ç”¨æˆ·ID','varchar(64)','String','ownerId','0','0',NULL,'1','1','1','1','EQ','input','',6,'admin','2021-08-27 13:45:40','',NULL),(364,'22','del_flag','åˆ é™¤æ ‡å¿—ï¼ˆ0ä»£è¡¨å­˜åœ¨ 2ä»£è¡¨åˆ é™¤ï¼‰','char(1)','String','delFlag','0','0',NULL,'1',NULL,NULL,NULL,'EQ','input','',7,'admin','2021-08-27 13:45:40','',NULL),(365,'22','status','è®¾å¤‡çŠ¶æ€ï¼šæœªæ¿€æ´»ï¼Œæœªç»‘å®šï¼Œå·²ç»‘å®š','varchar(255)','String','status','0','0','1','1','1','1','1','EQ','radio','',8,'admin','2021-08-27 13:45:40','',NULL),(366,'22','create_by','åˆ›å»ºè€…','varchar(64)','String','createBy','0','0',NULL,'1',NULL,NULL,NULL,'EQ','input','',9,'admin','2021-08-27 13:45:40','',NULL),(367,'22','create_time','åˆ›å»ºæ—¶é—´','datetime','Date','createTime','0','0',NULL,'1',NULL,NULL,NULL,'EQ','datetime','',10,'admin','2021-08-27 13:45:40','',NULL),(368,'22','update_by','æ›´æ–°è€…','varchar(64)','String','updateBy','0','0',NULL,'1','1',NULL,NULL,'EQ','input','',11,'admin','2021-08-27 13:45:40','',NULL),(369,'22','update_time','æ›´æ–°æ—¶é—´','datetime','Date','updateTime','0','0',NULL,'1','1',NULL,NULL,'EQ','datetime','',12,'admin','2021-08-27 13:45:40','',NULL),(370,'22','remark','å¤‡æ³¨','varchar(500)','String','remark','0','0',NULL,'1','1','1',NULL,'EQ','textarea','',13,'admin','2021-08-27 13:45:40','',NULL);
/*!40000 ALTER TABLE `gen_table_column` ENABLE KEYS */;
UNLOCK TABLES;

--
-- Table structure for table `sys_config`
--

DROP TABLE IF EXISTS `sys_config`;
/*!40101 SET @saved_cs_client     = @@character_set_client */;
/*!50503 SET character_set_client = utf8mb4 */;
CREATE TABLE `sys_config` (
  `config_id` int NOT NULL AUTO_INCREMENT COMMENT 'å‚æ•°ä¸»é”®',
  `config_name` varchar(100) DEFAULT '' COMMENT 'å‚æ•°åç§°',
  `config_key` varchar(100) DEFAULT '' COMMENT 'å‚æ•°é”®å',
  `config_value` varchar(500) DEFAULT '' COMMENT 'å‚æ•°é”®å€¼',
  `config_type` char(1) DEFAULT 'N' COMMENT 'ç³»ç»Ÿå†…ç½®ï¼ˆYæ˜¯ Nå¦ï¼‰',
  `create_by` varchar(64) DEFAULT '' COMMENT 'åˆ›å»ºè€…',
  `create_time` datetime DEFAULT NULL COMMENT 'åˆ›å»ºæ—¶é—´',
  `update_by` varchar(64) DEFAULT '' COMMENT 'æ›´æ–°è€…',
  `update_time` datetime DEFAULT NULL COMMENT 'æ›´æ–°æ—¶é—´',
  `remark` varchar(500) DEFAULT NULL COMMENT 'å¤‡æ³¨',
  PRIMARY KEY (`config_id`)
) ENGINE=InnoDB AUTO_INCREMENT=100 DEFAULT CHARSET=utf8mb3 COMMENT='å‚æ•°é…ç½®è¡¨';
/*!40101 SET character_set_client = @saved_cs_client */;

--
-- Dumping data for table `sys_config`
--

LOCK TABLES `sys_config` WRITE;
/*!40000 ALTER TABLE `sys_config` DISABLE KEYS */;
INSERT INTO `sys_config` VALUES (1,'ä¸»æ¡†æ¶é¡µ-é»˜è®¤çš®è‚¤æ ·å¼åç§°','sys.index.skinName','skin-blue','Y','admin','2021-12-21 02:47:04','',NULL,'è“è‰² skin-blueã€ç»¿è‰² skin-greenã€ç´«è‰² skin-purpleã€çº¢è‰² skin-redã€é»„è‰² skin-yellow'),(2,'ç”¨æˆ·ç®¡ç†-è´¦å·åˆå§‹å¯†ç ','sys.user.initPassword','123456','Y','admin','2021-12-21 02:47:04','',NULL,'åˆå§‹åŒ–å¯†ç  123456'),(3,'ä¸»æ¡†æ¶é¡µ-ä¾§è¾¹æ ä¸»é¢˜','sys.index.sideTheme','theme-dark','Y','admin','2021-12-21 02:47:04','',NULL,'æ·±è‰²ä¸»é¢˜theme-darkï¼Œæµ…è‰²ä¸»é¢˜theme-light'),(4,'è´¦å·è‡ªåŠ©-æ˜¯å¦å¼€å¯ç”¨æˆ·æ³¨å†ŒåŠŸèƒ½','sys.account.registerUser','false','Y','admin','2021-12-21 02:47:04','',NULL,'æ˜¯å¦å¼€å¯æ³¨å†Œç”¨æˆ·åŠŸèƒ½ï¼ˆtrueå¼€å¯ï¼Œfalseå…³é—­ï¼‰');
/*!40000 ALTER TABLE `sys_config` ENABLE KEYS */;
UNLOCK TABLES;

--
-- Table structure for table `sys_dept`
--

DROP TABLE IF EXISTS `sys_dept`;
/*!40101 SET @saved_cs_client     = @@character_set_client */;
/*!50503 SET character_set_client = utf8mb4 */;
CREATE TABLE `sys_dept` (
  `dept_id` bigint NOT NULL AUTO_INCREMENT COMMENT 'éƒ¨é—¨id',
  `parent_id` bigint DEFAULT '0' COMMENT 'çˆ¶éƒ¨é—¨id',
  `ancestors` varchar(50) DEFAULT '' COMMENT 'ç¥–çº§åˆ—è¡¨',
  `dept_name` varchar(30) DEFAULT '' COMMENT 'éƒ¨é—¨åç§°',
  `order_num` int DEFAULT '0' COMMENT 'æ˜¾ç¤ºé¡ºåº',
  `leader` varchar(20) DEFAULT NULL COMMENT 'è´Ÿè´£äºº',
  `phone` varchar(11) DEFAULT NULL COMMENT 'è”ç³»ç”µè¯',
  `email` varchar(50) DEFAULT NULL COMMENT 'é‚®ç®±',
  `status` char(1) DEFAULT '0' COMMENT 'éƒ¨é—¨çŠ¶æ€ï¼ˆ0æ­£å¸¸ 1åœç”¨ï¼‰',
  `del_flag` char(1) DEFAULT '0' COMMENT 'åˆ é™¤æ ‡å¿—ï¼ˆ0ä»£è¡¨å­˜åœ¨ 2ä»£è¡¨åˆ é™¤ï¼‰',
  `create_by` varchar(64) DEFAULT '' COMMENT 'åˆ›å»ºè€…',
  `create_time` datetime DEFAULT NULL COMMENT 'åˆ›å»ºæ—¶é—´',
  `update_by` varchar(64) DEFAULT '' COMMENT 'æ›´æ–°è€…',
  `update_time` datetime DEFAULT NULL COMMENT 'æ›´æ–°æ—¶é—´',
  PRIMARY KEY (`dept_id`)
) ENGINE=InnoDB AUTO_INCREMENT=200 DEFAULT CHARSET=utf8mb3 COMMENT='éƒ¨é—¨è¡¨';
/*!40101 SET character_set_client = @saved_cs_client */;

--
-- Dumping data for table `sys_dept`
--

LOCK TABLES `sys_dept` WRITE;
/*!40000 ALTER TABLE `sys_dept` DISABLE KEYS */;
INSERT INTO `sys_dept` VALUES (100,0,'0','å°æµæ™ºèƒ½å®¶å±…ç§‘æŠ€å…¬å¸',0,'å°æµ','15888888888','xiaoji.tongji@qq.com','0','0','admin','2021-12-21 02:46:59','',NULL),(101,100,'0,100','åŒæµå››å¹³æ€»å…¬å¸',1,'å°æµ','15888888888','xiaoji.tongji@qq.com','0','0','admin','2021-12-21 02:46:59','',NULL),(102,100,'0,100','é»„æ¸¡ç†å·¥åˆ†å…¬å¸',2,'å°æµ','15888888888','xiaoji.tongji@qq.com','0','0','admin','2021-12-21 02:46:59','',NULL),(103,101,'0,100,101','ç ”å‘éƒ¨é—¨',1,'å°æµ','15888888888','xiaoji.tongji@qq.com','0','0','admin','2021-12-21 02:46:59','',NULL),(104,101,'0,100,101','å¸‚åœºéƒ¨é—¨',2,'å°æµ','15888888888','xiaoji.tongji@qq.com','0','0','admin','2021-12-21 02:46:59','',NULL),(105,101,'0,100,101','æµ‹è¯•éƒ¨é—¨',3,'å°æµ','15888888888','xiaoji.tongji@qq.com','0','0','admin','2021-12-21 02:46:59','',NULL),(106,101,'0,100,101','è´¢åŠ¡éƒ¨é—¨',4,'å°æµ','15888888888','xiaoji.tongji@qq.com','0','0','admin','2021-12-21 02:46:59','',NULL),(107,101,'0,100,101','è¿ç»´éƒ¨é—¨',5,'å°æµ','15888888888','xiaoji.tongji@qq.com','0','0','admin','2021-12-21 02:46:59','',NULL),(108,102,'0,100,102','å¸‚åœºéƒ¨é—¨',1,'å°æµ','15888888888','xiaoji.tongji@qq.com','0','0','admin','2021-12-21 02:46:59','',NULL),(109,102,'0,100,102','è´¢åŠ¡éƒ¨é—¨',2,'å°æµ','15888888888','xiaoji.tongji@qq.com','0','0','admin','2021-12-21 02:46:59','',NULL);
/*!40000 ALTER TABLE `sys_dept` ENABLE KEYS */;
UNLOCK TABLES;

--
-- Table structure for table `sys_dict_data`
--

DROP TABLE IF EXISTS `sys_dict_data`;
/*!40101 SET @saved_cs_client     = @@character_set_client */;
/*!50503 SET character_set_client = utf8mb4 */;
CREATE TABLE `sys_dict_data` (
  `dict_code` bigint NOT NULL AUTO_INCREMENT COMMENT 'å­—å…¸ç¼–ç ',
  `dict_sort` int DEFAULT '0' COMMENT 'å­—å…¸æ’åº',
  `dict_label` varchar(100) DEFAULT '' COMMENT 'å­—å…¸æ ‡ç­¾',
  `dict_value` varchar(100) DEFAULT '' COMMENT 'å­—å…¸é”®å€¼',
  `dict_type` varchar(100) DEFAULT '' COMMENT 'å­—å…¸ç±»å‹',
  `css_class` varchar(100) DEFAULT NULL COMMENT 'æ ·å¼å±æ€§ï¼ˆå…¶ä»–æ ·å¼æ‰©å±•ï¼‰',
  `list_class` varchar(100) DEFAULT NULL COMMENT 'è¡¨æ ¼å›æ˜¾æ ·å¼',
  `is_default` char(1) DEFAULT 'N' COMMENT 'æ˜¯å¦é»˜è®¤ï¼ˆYæ˜¯ Nå¦ï¼‰',
  `status` char(1) DEFAULT '0' COMMENT 'çŠ¶æ€ï¼ˆ0æ­£å¸¸ 1åœç”¨ï¼‰',
  `create_by` varchar(64) DEFAULT '' COMMENT 'åˆ›å»ºè€…',
  `create_time` datetime DEFAULT NULL COMMENT 'åˆ›å»ºæ—¶é—´',
  `update_by` varchar(64) DEFAULT '' COMMENT 'æ›´æ–°è€…',
  `update_time` datetime DEFAULT NULL COMMENT 'æ›´æ–°æ—¶é—´',
  `remark` varchar(500) DEFAULT NULL COMMENT 'å¤‡æ³¨',
  PRIMARY KEY (`dict_code`)
) ENGINE=InnoDB AUTO_INCREMENT=119 DEFAULT CHARSET=utf8mb3 COMMENT='å­—å…¸æ•°æ®è¡¨';
/*!40101 SET character_set_client = @saved_cs_client */;

--
-- Dumping data for table `sys_dict_data`
--

LOCK TABLES `sys_dict_data` WRITE;
/*!40000 ALTER TABLE `sys_dict_data` DISABLE KEYS */;
INSERT INTO `sys_dict_data` VALUES (1,1,'ç”·','0','sys_user_sex','','','Y','0','admin','2021-12-21 02:47:03','',NULL,'æ€§åˆ«ç”·'),(2,2,'å¥³','1','sys_user_sex','','','N','0','admin','2021-12-21 02:47:03','',NULL,'æ€§åˆ«å¥³'),(3,3,'æœªçŸ¥','2','sys_user_sex','','','N','0','admin','2021-12-21 02:47:03','',NULL,'æ€§åˆ«æœªçŸ¥'),(4,1,'æ˜¾ç¤º','0','sys_show_hide','','primary','Y','0','admin','2021-12-21 02:47:03','',NULL,'æ˜¾ç¤ºèœå•'),(5,2,'éšè—','1','sys_show_hide','','danger','N','0','admin','2021-12-21 02:47:03','',NULL,'éšè—èœå•'),(6,1,'æ­£å¸¸','0','sys_normal_disable','','primary','Y','0','admin','2021-12-21 02:47:03','',NULL,'æ­£å¸¸çŠ¶æ€'),(7,2,'åœç”¨','1','sys_normal_disable','','danger','N','0','admin','2021-12-21 02:47:03','',NULL,'åœç”¨çŠ¶æ€'),(8,1,'æ­£å¸¸','0','sys_job_status','','primary','Y','0','admin','2021-12-21 02:47:03','',NULL,'æ­£å¸¸çŠ¶æ€'),(9,2,'æš‚åœ','1','sys_job_status','','danger','N','0','admin','2021-12-21 02:47:03','',NULL,'åœç”¨çŠ¶æ€'),(10,1,'é»˜è®¤','DEFAULT','sys_job_group','','','Y','0','admin','2021-12-21 02:47:04','',NULL,'é»˜è®¤åˆ†ç»„'),(11,2,'ç³»ç»Ÿ','SYSTEM','sys_job_group','','','N','0','admin','2021-12-21 02:47:04','',NULL,'ç³»ç»Ÿåˆ†ç»„'),(12,1,'æ˜¯','Y','sys_yes_no','','primary','Y','0','admin','2021-12-21 02:47:04','',NULL,'ç³»ç»Ÿé»˜è®¤æ˜¯'),(13,2,'å¦','N','sys_yes_no','','danger','N','0','admin','2021-12-21 02:47:04','',NULL,'ç³»ç»Ÿé»˜è®¤å¦'),(14,1,'é€šçŸ¥','1','sys_notice_type','','warning','Y','0','admin','2021-12-21 02:47:04','',NULL,'é€šçŸ¥'),(15,2,'å…¬å‘Š','2','sys_notice_type','','success','N','0','admin','2021-12-21 02:47:04','',NULL,'å…¬å‘Š'),(16,1,'æ­£å¸¸','0','sys_notice_status','','primary','Y','0','admin','2021-12-21 02:47:04','',NULL,'æ­£å¸¸çŠ¶æ€'),(17,2,'å…³é—­','1','sys_notice_status','','danger','N','0','admin','2021-12-21 02:47:04','',NULL,'å…³é—­çŠ¶æ€'),(18,1,'æ–°å¢','1','sys_oper_type','','info','N','0','admin','2021-12-21 02:47:04','',NULL,'æ–°å¢æ“ä½œ'),(19,2,'ä¿®æ”¹','2','sys_oper_type','','info','N','0','admin','2021-12-21 02:47:04','',NULL,'ä¿®æ”¹æ“ä½œ'),(20,3,'åˆ é™¤','3','sys_oper_type','','danger','N','0','admin','2021-12-21 02:47:04','',NULL,'åˆ é™¤æ“ä½œ'),(21,4,'æˆæƒ','4','sys_oper_type','','primary','N','0','admin','2021-12-21 02:47:04','',NULL,'æˆæƒæ“ä½œ'),(22,5,'å¯¼å‡º','5','sys_oper_type','','warning','N','0','admin','2021-12-21 02:47:04','',NULL,'å¯¼å‡ºæ“ä½œ'),(23,6,'å¯¼å…¥','6','sys_oper_type','','warning','N','0','admin','2021-12-21 02:47:04','',NULL,'å¯¼å…¥æ“ä½œ'),(24,7,'å¼ºé€€','7','sys_oper_type','','danger','N','0','admin','2021-12-21 02:47:04','',NULL,'å¼ºé€€æ“ä½œ'),(25,8,'ç”Ÿæˆä»£ç ','8','sys_oper_type','','warning','N','0','admin','2021-12-21 02:47:04','',NULL,'ç”Ÿæˆæ“ä½œ'),(26,9,'æ¸…ç©ºæ•°æ®','9','sys_oper_type','','danger','N','0','admin','2021-12-21 02:47:04','',NULL,'æ¸…ç©ºæ“ä½œ'),(27,1,'æˆåŠŸ','0','sys_common_status','','primary','N','0','admin','2021-12-21 02:47:04','',NULL,'æ­£å¸¸çŠ¶æ€'),(28,2,'å¤±è´¥','1','sys_common_status','','danger','N','0','admin','2021-12-21 02:47:04','',NULL,'åœç”¨çŠ¶æ€'),(100,0,'æŒ‰é”®','1','iot_trigger_source',NULL,NULL,'N','0','admin','2021-05-05 15:53:34','admin','2021-05-05 15:54:17','æŒ‰é”®æ“ä½œ'),(101,0,'æ‰‹æœº','2','iot_trigger_source',NULL,NULL,'N','0','admin','2021-05-05 15:53:50','',NULL,'æ‰‹æœºæ“ä½œ'),(102,0,'æµè§ˆå™¨','3','iot_trigger_source',NULL,NULL,'N','0','admin','2021-05-05 15:54:09','',NULL,'æµè§ˆå™¨æ“ä½œ'),(103,0,'å°„é¢‘é¥æ§','4','iot_trigger_source',NULL,NULL,'N','0','admin','2021-05-05 15:54:44','',NULL,'433Mé¥æ§æ“ä½œ'),(104,0,'é›·è¾¾','5','iot_trigger_source',NULL,NULL,'N','0','admin','2021-05-05 15:55:03','',NULL,'é›·è¾¾è§¦å‘'),(105,0,'æŠ¥è­¦','6','iot_trigger_source',NULL,NULL,'N','0','admin','2021-05-05 15:55:44','',NULL,'æŠ¥è­¦è§¦å‘'),(106,0,'å®šæ—¶','7','iot_trigger_source',NULL,NULL,'N','0','admin','2021-05-05 15:56:03','',NULL,'å®šæ—¶è§¦å‘'),(107,1,'ç»§ç”µå™¨å¼€å…³','1','rf_function',NULL,NULL,'N','0','admin','2021-05-05 15:58:36','admin','2021-06-23 22:50:32','ç»§ç”µå™¨é€šæ–­'),(108,2,'ä¸ƒå½©ç¯å¼€å…³','2','rf_function',NULL,NULL,'N','0','admin','2021-05-05 15:58:57','admin','2021-06-23 22:50:44','å¼€å…³ç¯'),(109,3,'é›·è¾¾å¼€å…³','3','rf_function',NULL,NULL,'N','0','admin','2021-05-05 15:59:34','admin','2021-06-23 22:50:21','å¼€å…³é›·è¾¾'),(110,4,'æŠ¥è­¦å¼€å…³','4','rf_function',NULL,NULL,'N','0','admin','2021-05-05 16:00:01','admin','2021-06-01 15:44:44','æŠ¥è­¦å¼€å…³'),(111,5,'æ™ºèƒ½é…ç½‘','5','rf_function',NULL,NULL,'N','0','admin','2021-05-05 16:00:16','admin','2021-06-01 15:44:51','æ™ºèƒ½é…ç½‘'),(112,0,'å›ºå®šé¢œè‰²','0','light_mode',NULL,NULL,'N','0','admin','2021-05-05 16:07:22','',NULL,'å›ºå®šé¢œè‰²'),(113,0,'ä¸ƒå½©æ¸å˜','1','light_mode',NULL,NULL,'N','0','admin','2021-05-05 16:07:41','',NULL,'ä¸ƒå½©æ¸å˜'),(114,0,'åŠ¨æ„Ÿæ¨¡å¼','2','light_mode',NULL,NULL,'N','0','admin','2021-05-05 16:08:44','',NULL,'åŠ¨æ„Ÿæ¨¡å¼'),(115,0,'å•è‰²æ¸å˜','3','light_mode',NULL,NULL,'N','0','admin','2021-05-05 16:09:12','',NULL,'å•è‰²æ¸å˜'),(116,0,'ç™½å…‰','4','light_mode',NULL,NULL,'N','0','admin','2021-05-05 16:09:46','',NULL,'ç™½å…‰'),(117,0,'æš–å…‰','5','light_mode',NULL,NULL,'N','0','admin','2021-05-05 16:10:07','',NULL,'æš–å…‰'),(118,0,'æ— ','0','rf_function',NULL,NULL,'N','0','admin','2021-06-01 15:43:44','admin','2021-06-01 15:44:21','ä¸è¿›è¡Œä»»ä½•æ“ä½œ');
/*!40000 ALTER TABLE `sys_dict_data` ENABLE KEYS */;
UNLOCK TABLES;

--
-- Table structure for table `sys_dict_type`
--

DROP TABLE IF EXISTS `sys_dict_type`;
/*!40101 SET @saved_cs_client     = @@character_set_client */;
/*!50503 SET character_set_client = utf8mb4 */;
CREATE TABLE `sys_dict_type` (
  `dict_id` bigint NOT NULL AUTO_INCREMENT COMMENT 'å­—å…¸ä¸»é”®',
  `dict_name` varchar(100) DEFAULT '' COMMENT 'å­—å…¸åç§°',
  `dict_type` varchar(100) DEFAULT '' COMMENT 'å­—å…¸ç±»å‹',
  `status` char(1) DEFAULT '0' COMMENT 'çŠ¶æ€ï¼ˆ0æ­£å¸¸ 1åœç”¨ï¼‰',
  `create_by` varchar(64) DEFAULT '' COMMENT 'åˆ›å»ºè€…',
  `create_time` datetime DEFAULT NULL COMMENT 'åˆ›å»ºæ—¶é—´',
  `update_by` varchar(64) DEFAULT '' COMMENT 'æ›´æ–°è€…',
  `update_time` datetime DEFAULT NULL COMMENT 'æ›´æ–°æ—¶é—´',
  `remark` varchar(500) DEFAULT NULL COMMENT 'å¤‡æ³¨',
  PRIMARY KEY (`dict_id`),
  UNIQUE KEY `dict_type` (`dict_type`)
) ENGINE=InnoDB AUTO_INCREMENT=103 DEFAULT CHARSET=utf8mb3 COMMENT='å­—å…¸ç±»å‹è¡¨';
/*!40101 SET character_set_client = @saved_cs_client */;

--
-- Dumping data for table `sys_dict_type`
--

LOCK TABLES `sys_dict_type` WRITE;
/*!40000 ALTER TABLE `sys_dict_type` DISABLE KEYS */;
INSERT INTO `sys_dict_type` VALUES (1,'ç”¨æˆ·æ€§åˆ«','sys_user_sex','0','admin','2021-12-21 02:47:03','',NULL,'ç”¨æˆ·æ€§åˆ«åˆ—è¡¨'),(2,'èœå•çŠ¶æ€','sys_show_hide','0','admin','2021-12-21 02:47:03','',NULL,'èœå•çŠ¶æ€åˆ—è¡¨'),(3,'ç³»ç»Ÿå¼€å…³','sys_normal_disable','0','admin','2021-12-21 02:47:03','',NULL,'ç³»ç»Ÿå¼€å…³åˆ—è¡¨'),(4,'ä»»åŠ¡çŠ¶æ€','sys_job_status','0','admin','2021-12-21 02:47:03','',NULL,'ä»»åŠ¡çŠ¶æ€åˆ—è¡¨'),(5,'ä»»åŠ¡åˆ†ç»„','sys_job_group','0','admin','2021-12-21 02:47:03','',NULL,'ä»»åŠ¡åˆ†ç»„åˆ—è¡¨'),(6,'ç³»ç»Ÿæ˜¯å¦','sys_yes_no','0','admin','2021-12-21 02:47:03','',NULL,'ç³»ç»Ÿæ˜¯å¦åˆ—è¡¨'),(7,'é€šçŸ¥ç±»å‹','sys_notice_type','0','admin','2021-12-21 02:47:03','',NULL,'é€šçŸ¥ç±»å‹åˆ—è¡¨'),(8,'é€šçŸ¥çŠ¶æ€','sys_notice_status','0','admin','2021-12-21 02:47:03','',NULL,'é€šçŸ¥çŠ¶æ€åˆ—è¡¨'),(9,'æ“ä½œç±»å‹','sys_oper_type','0','admin','2021-12-21 02:47:03','',NULL,'æ“ä½œç±»å‹åˆ—è¡¨'),(10,'ç³»ç»ŸçŠ¶æ€','sys_common_status','0','admin','2021-12-21 02:47:03','',NULL,'ç™»å½•çŠ¶æ€åˆ—è¡¨'),(100,'è®¾å¤‡è§¦å‘æº','iot_trigger_source','0','admin','2021-05-05 15:51:26','',NULL,'è®¾å¤‡æ“ä½œçš„è§¦å‘æº'),(101,'å°„é¢‘é¥æ§æŒ‰é”®åŠŸèƒ½','rf_function','0','admin','2021-05-05 15:58:05','',NULL,'å°„é¢‘é¥æ§æŒ‰é”®åŠŸèƒ½åˆ—è¡¨'),(102,'å½©ç¯æ¨¡å¼','light_mode','0','admin','2021-05-05 16:04:53','',NULL,'å½©ç¯æ¨¡å¼ï¼Œå•è‰²ã€ä¸ƒå½©ã€æ¸å˜ã€åŠ¨æ„Ÿ');
/*!40000 ALTER TABLE `sys_dict_type` ENABLE KEYS */;
UNLOCK TABLES;

--
-- Table structure for table `sys_job`
--

DROP TABLE IF EXISTS `sys_job`;
/*!40101 SET @saved_cs_client     = @@character_set_client */;
/*!50503 SET character_set_client = utf8mb4 */;
CREATE TABLE `sys_job` (
  `job_id` bigint NOT NULL AUTO_INCREMENT COMMENT 'ä»»åŠ¡ID',
  `job_name` varchar(64) NOT NULL DEFAULT '' COMMENT 'ä»»åŠ¡åç§°',
  `job_group` varchar(64) NOT NULL DEFAULT 'DEFAULT' COMMENT 'ä»»åŠ¡ç»„å',
  `invoke_target` varchar(500) NOT NULL COMMENT 'è°ƒç”¨ç›®æ ‡å­—ç¬¦ä¸²',
  `cron_expression` varchar(255) DEFAULT '' COMMENT 'cronæ‰§è¡Œè¡¨è¾¾å¼',
  `misfire_policy` varchar(20) DEFAULT '3' COMMENT 'è®¡åˆ’æ‰§è¡Œé”™è¯¯ç­–ç•¥ï¼ˆ1ç«‹å³æ‰§è¡Œ 2æ‰§è¡Œä¸€æ¬¡ 3æ”¾å¼ƒæ‰§è¡Œï¼‰',
  `concurrent` char(1) DEFAULT '1' COMMENT 'æ˜¯å¦å¹¶å‘æ‰§è¡Œï¼ˆ0å…è®¸ 1ç¦æ­¢ï¼‰',
  `status` char(1) DEFAULT '0' COMMENT 'çŠ¶æ€ï¼ˆ0æ­£å¸¸ 1æš‚åœï¼‰',
  `create_by` varchar(64) DEFAULT '' COMMENT 'åˆ›å»ºè€…',
  `create_time` datetime DEFAULT NULL COMMENT 'åˆ›å»ºæ—¶é—´',
  `update_by` varchar(64) DEFAULT '' COMMENT 'æ›´æ–°è€…',
  `update_time` datetime DEFAULT NULL COMMENT 'æ›´æ–°æ—¶é—´',
  `remark` varchar(500) DEFAULT '' COMMENT 'å¤‡æ³¨ä¿¡æ¯',
  PRIMARY KEY (`job_id`,`job_name`,`job_group`)
) ENGINE=InnoDB AUTO_INCREMENT=100 DEFAULT CHARSET=utf8mb3 COMMENT='å®šæ—¶ä»»åŠ¡è°ƒåº¦è¡¨';
/*!40101 SET character_set_client = @saved_cs_client */;

--
-- Dumping data for table `sys_job`
--

LOCK TABLES `sys_job` WRITE;
/*!40000 ALTER TABLE `sys_job` DISABLE KEYS */;
INSERT INTO `sys_job` VALUES (1,'ç³»ç»Ÿé»˜è®¤ï¼ˆæ— å‚ï¼‰','DEFAULT','ryTask.ryNoParams','0/10 * * * * ?','3','1','1','admin','2021-12-21 02:47:04','',NULL,''),(2,'ç³»ç»Ÿé»˜è®¤ï¼ˆæœ‰å‚ï¼‰','DEFAULT','ryTask.ryParams(\'ry\')','0/15 * * * * ?','3','1','1','admin','2021-12-21 02:47:04','',NULL,''),(3,'ç³»ç»Ÿé»˜è®¤ï¼ˆå¤šå‚ï¼‰','DEFAULT','ryTask.ryMultipleParams(\'ry\', true, 2000L, 316.50D, 100)','0/20 * * * * ?','3','1','1','admin','2021-12-21 02:47:04','',NULL,'');
/*!40000 ALTER TABLE `sys_job` ENABLE KEYS */;
UNLOCK TABLES;

--
-- Table structure for table `sys_job_log`
--

DROP TABLE IF EXISTS `sys_job_log`;
/*!40101 SET @saved_cs_client     = @@character_set_client */;
/*!50503 SET character_set_client = utf8mb4 */;
CREATE TABLE `sys_job_log` (
  `job_log_id` bigint NOT NULL AUTO_INCREMENT COMMENT 'ä»»åŠ¡æ—¥å¿—ID',
  `job_name` varchar(64) NOT NULL COMMENT 'ä»»åŠ¡åç§°',
  `job_group` varchar(64) NOT NULL COMMENT 'ä»»åŠ¡ç»„å',
  `invoke_target` varchar(500) NOT NULL COMMENT 'è°ƒç”¨ç›®æ ‡å­—ç¬¦ä¸²',
  `job_message` varchar(500) DEFAULT NULL COMMENT 'æ—¥å¿—ä¿¡æ¯',
  `status` char(1) DEFAULT '0' COMMENT 'æ‰§è¡ŒçŠ¶æ€ï¼ˆ0æ­£å¸¸ 1å¤±è´¥ï¼‰',
  `exception_info` varchar(2000) DEFAULT '' COMMENT 'å¼‚å¸¸ä¿¡æ¯',
  `create_time` datetime DEFAULT NULL COMMENT 'åˆ›å»ºæ—¶é—´',
  PRIMARY KEY (`job_log_id`)
) ENGINE=InnoDB DEFAULT CHARSET=utf8mb3 COMMENT='å®šæ—¶ä»»åŠ¡è°ƒåº¦æ—¥å¿—è¡¨';
/*!40101 SET character_set_client = @saved_cs_client */;

--
-- Dumping data for table `sys_job_log`
--

LOCK TABLES `sys_job_log` WRITE;
/*!40000 ALTER TABLE `sys_job_log` DISABLE KEYS */;
/*!40000 ALTER TABLE `sys_job_log` ENABLE KEYS */;
UNLOCK TABLES;

--
-- Table structure for table `sys_logininfor`
--

DROP TABLE IF EXISTS `sys_logininfor`;
/*!40101 SET @saved_cs_client     = @@character_set_client */;
/*!50503 SET character_set_client = utf8mb4 */;
CREATE TABLE `sys_logininfor` (
  `info_id` bigint NOT NULL AUTO_INCREMENT COMMENT 'è®¿é—®ID',
  `user_name` varchar(50) DEFAULT '' COMMENT 'ç”¨æˆ·è´¦å·',
  `ipaddr` varchar(128) DEFAULT '' COMMENT 'ç™»å½•IPåœ°å€',
  `status` char(1) DEFAULT '0' COMMENT 'ç™»å½•çŠ¶æ€ï¼ˆ0æˆåŠŸ 1å¤±è´¥ï¼‰',
  `msg` varchar(255) DEFAULT '' COMMENT 'æç¤ºä¿¡æ¯',
  `access_time` datetime DEFAULT NULL COMMENT 'è®¿é—®æ—¶é—´',
  PRIMARY KEY (`info_id`)
) ENGINE=InnoDB AUTO_INCREMENT=152 DEFAULT CHARSET=utf8mb3 COMMENT='ç³»ç»Ÿè®¿é—®è®°å½•';
/*!40101 SET character_set_client = @saved_cs_client */;

--
-- Dumping data for table `sys_logininfor`
--

LOCK TABLES `sys_logininfor` WRITE;
/*!40000 ALTER TABLE `sys_logininfor` DISABLE KEYS */;
INSERT INTO `sys_logininfor` VALUES (100,'admin','127.0.0.1','0','ç™»å½•æˆåŠŸ','2021-12-21 11:15:07'),(101,'admin','127.0.0.1','0','é€€å‡ºæˆåŠŸ','2021-12-22 07:12:06'),(102,'admin','127.0.0.1','0','é€€å‡ºæˆåŠŸ','2021-12-22 07:12:07'),(103,'admin','127.0.0.1','0','ç™»å½•æˆåŠŸ','2021-12-22 07:12:16'),(104,'admin','127.0.0.1','0','é€€å‡ºæˆåŠŸ','2021-12-23 09:02:41'),(105,'admin','127.0.0.1','0','ç™»å½•æˆåŠŸ','2021-12-23 09:02:48'),(106,'admin','127.0.0.1','0','é€€å‡ºæˆåŠŸ','2021-12-25 05:32:59'),(107,'admin','127.0.0.1','0','ç™»å½•æˆåŠŸ','2021-12-25 05:33:07'),(108,'admin','127.0.0.1','0','é€€å‡ºæˆåŠŸ','2021-12-25 11:13:17'),(109,'admin','127.0.0.1','0','ç™»å½•æˆåŠŸ','2021-12-25 11:13:23'),(110,'admin','127.0.0.1','0','é€€å‡ºæˆåŠŸ','2021-12-25 11:23:35'),(111,'admin','127.0.0.1','0','ç™»å½•æˆåŠŸ','2021-12-25 11:23:39'),(112,'admin','127.0.0.1','0','é€€å‡ºæˆåŠŸ','2021-12-26 02:10:52'),(113,'admin','127.0.0.1','0','ç™»å½•æˆåŠŸ','2021-12-26 02:11:01'),(114,'admin','127.0.0.1','0','é€€å‡ºæˆåŠŸ','2021-12-26 06:14:55'),(115,'admin','127.0.0.1','0','ç™»å½•æˆåŠŸ','2021-12-26 06:14:58'),(116,'admin','127.0.0.1','0','é€€å‡ºæˆåŠŸ','2021-12-26 06:24:40'),(117,'admin','127.0.0.1','0','ç™»å½•æˆåŠŸ','2021-12-26 06:24:49'),(118,'admin','127.0.0.1','0','é€€å‡ºæˆåŠŸ','2021-12-27 04:32:35'),(119,'admin','127.0.0.1','0','ç™»å½•æˆåŠŸ','2021-12-27 04:32:40'),(120,'admin','10.130.59.49','0','ç™»å½•æˆåŠŸ','2021-12-29 05:54:51'),(121,'admin','127.0.0.1','0','é€€å‡ºæˆåŠŸ','2021-12-29 06:52:25'),(122,'admin','127.0.0.1','0','ç™»å½•æˆåŠŸ','2021-12-29 08:44:25'),(123,'admin','10.130.59.49','0','ç™»å½•æˆåŠŸ','2021-12-30 02:27:52'),(124,'admin','127.0.0.1','0','é€€å‡ºæˆåŠŸ','2021-12-30 04:28:06'),(125,'admin','127.0.0.1','0','ç™»å½•æˆåŠŸ','2021-12-30 04:28:16'),(126,'admin','127.0.0.1','0','é€€å‡ºæˆåŠŸ','2021-12-30 04:38:17'),(127,'admin','127.0.0.1','0','ç™»å½•æˆåŠŸ','2021-12-30 04:45:01'),(128,'admin','10.130.59.49','0','é€€å‡ºæˆåŠŸ','2021-12-30 07:06:44'),(129,'xiaoji','10.130.59.49','0','ç™»å½•æˆåŠŸ','2021-12-30 07:54:33'),(130,'xiaoji','10.130.59.49','0','é€€å‡ºæˆåŠŸ','2021-12-30 07:59:19'),(131,'admin','10.130.59.49','0','ç™»å½•æˆåŠŸ','2021-12-30 07:59:27'),(132,'admin','10.130.59.49','0','é€€å‡ºæˆåŠŸ','2021-12-30 08:01:34'),(133,'weixin','10.130.59.49','0','ç™»å½•æˆåŠŸ','2021-12-30 08:01:45'),(134,'weixin','10.130.59.49','0','é€€å‡ºæˆåŠŸ','2021-12-30 08:02:56'),(135,'admin','10.130.59.49','0','ç™»å½•æˆåŠŸ','2021-12-30 08:03:02'),(136,'admin','10.130.59.49','0','ç™»å½•æˆåŠŸ','2021-12-30 09:06:58'),(137,'admin','10.130.59.49','0','é€€å‡ºæˆåŠŸ','2021-12-30 12:13:12'),(138,'xiaoji','10.130.59.49','0','ç™»å½•æˆåŠŸ','2021-12-30 12:14:00'),(139,'xiaoji','10.130.59.49','0','é€€å‡ºæˆåŠŸ','2021-12-30 12:14:45'),(140,'xiaoji','10.130.59.49','0','é€€å‡ºæˆåŠŸ','2021-12-30 12:14:46'),(141,'admin','10.130.59.49','0','ç™»å½•æˆåŠŸ','2021-12-30 12:14:49'),(142,'admin','10.130.59.49','0','é€€å‡ºæˆåŠŸ','2021-12-30 12:17:50'),(143,'weixin','10.130.59.49','0','ç™»å½•æˆåŠŸ','2021-12-30 12:18:01'),(144,'weixin','10.130.59.49','0','é€€å‡ºæˆåŠŸ','2021-12-30 12:18:27'),(145,'admin','10.130.59.49','0','ç™»å½•æˆåŠŸ','2021-12-30 12:40:15'),(146,'admin','10.130.59.49','0','é€€å‡ºæˆåŠŸ','2021-12-30 12:50:15'),(147,'admin','10.130.59.49','0','ç™»å½•æˆåŠŸ','2021-12-30 13:03:55'),(148,'admin','10.130.59.49','0','é€€å‡ºæˆåŠŸ','2021-12-30 13:04:27'),(149,'admin','10.130.59.49','0','ç™»å½•æˆåŠŸ','2021-12-30 13:13:28'),(150,'admin','10.130.59.49','0','é€€å‡ºæˆåŠŸ','2022-01-03 11:38:41'),(151,'admin','10.130.59.49','0','ç™»å½•æˆåŠŸ','2022-01-03 11:45:40');
/*!40000 ALTER TABLE `sys_logininfor` ENABLE KEYS */;
UNLOCK TABLES;

--
-- Table structure for table `sys_menu`
--

DROP TABLE IF EXISTS `sys_menu`;
/*!40101 SET @saved_cs_client     = @@character_set_client */;
/*!50503 SET character_set_client = utf8mb4 */;
CREATE TABLE `sys_menu` (
  `menu_id` bigint NOT NULL AUTO_INCREMENT COMMENT 'èœå•ID',
  `menu_name` varchar(50) NOT NULL COMMENT 'èœå•åç§°',
  `parent_id` bigint DEFAULT '0' COMMENT 'çˆ¶èœå•ID',
  `order_num` int DEFAULT '0' COMMENT 'æ˜¾ç¤ºé¡ºåº',
  `path` varchar(200) DEFAULT '' COMMENT 'è·¯ç”±åœ°å€',
  `component` varchar(255) DEFAULT NULL COMMENT 'ç»„ä»¶è·¯å¾„',
  `query` varchar(255) DEFAULT NULL COMMENT 'è·¯ç”±å‚æ•°',
  `is_frame` int DEFAULT '1' COMMENT 'æ˜¯å¦ä¸ºå¤–é“¾ï¼ˆ0æ˜¯ 1å¦ï¼‰',
  `is_cache` int DEFAULT '0' COMMENT 'æ˜¯å¦ç¼“å­˜ï¼ˆ0ç¼“å­˜ 1ä¸ç¼“å­˜ï¼‰',
  `menu_type` char(1) DEFAULT '' COMMENT 'èœå•ç±»å‹ï¼ˆMç›®å½• Cèœå• FæŒ‰é’®ï¼‰',
  `visible` char(1) DEFAULT '0' COMMENT 'èœå•çŠ¶æ€ï¼ˆ0æ˜¾ç¤º 1éšè—ï¼‰',
  `status` char(1) DEFAULT '0' COMMENT 'èœå•çŠ¶æ€ï¼ˆ0æ­£å¸¸ 1åœç”¨ï¼‰',
  `perms` varchar(100) DEFAULT NULL COMMENT 'æƒé™æ ‡è¯†',
  `icon` varchar(100) DEFAULT '#' COMMENT 'èœå•å›¾æ ‡',
  `create_by` varchar(64) DEFAULT '' COMMENT 'åˆ›å»ºè€…',
  `create_time` datetime DEFAULT NULL COMMENT 'åˆ›å»ºæ—¶é—´',
  `update_by` varchar(64) DEFAULT '' COMMENT 'æ›´æ–°è€…',
  `update_time` datetime DEFAULT NULL COMMENT 'æ›´æ–°æ—¶é—´',
  `remark` varchar(500) DEFAULT '' COMMENT 'å¤‡æ³¨',
  PRIMARY KEY (`menu_id`)
) ENGINE=InnoDB AUTO_INCREMENT=2009 DEFAULT CHARSET=utf8mb3 COMMENT='èœå•æƒé™è¡¨';
/*!40101 SET character_set_client = @saved_cs_client */;

--
-- Dumping data for table `sys_menu`
--

LOCK TABLES `sys_menu` WRITE;
/*!40000 ALTER TABLE `sys_menu` DISABLE KEYS */;
INSERT INTO `sys_menu` VALUES (1,'ç³»ç»Ÿç®¡ç†',0,1,'system',NULL,'',1,0,'M','0','0','','system','admin','2021-12-21 02:46:59','',NULL,'ç³»ç»Ÿç®¡ç†ç›®å½•'),(2,'ç³»ç»Ÿç›‘æ§',0,2,'monitor',NULL,'',1,0,'M','0','0','','monitor','admin','2021-12-21 02:46:59','',NULL,'ç³»ç»Ÿç›‘æ§ç›®å½•'),(3,'ç³»ç»Ÿå·¥å…·',0,3,'tool',NULL,'',1,0,'M','0','0','','tool','admin','2021-12-21 02:46:59','',NULL,'ç³»ç»Ÿå·¥å…·ç›®å½•'),(4,'å°æµæ™ºèƒ½å®˜ç½‘',0,5,'https://gitee.com/organizations/xiao-ji-smart-home/projects',NULL,'',0,0,'M','0','0','','guide','admin','2021-12-21 02:46:59','admin','2021-12-30 08:15:42','è‹¥ä¾å®˜ç½‘åœ°å€'),(5,'ä¸‡ç‰©äº’è”',0,0,'iot',NULL,'',1,0,'M','0','0','','client','admin','2021-12-23 09:52:59','admin','2021-12-25 07:31:36','ä¸‡ç‰©äº’è”ç›®å½•'),(100,'ç”¨æˆ·ç®¡ç†',1,1,'user','system/user/index','',1,0,'C','0','0','system:user:list','user','admin','2021-12-21 02:46:59','',NULL,'ç”¨æˆ·ç®¡ç†èœå•'),(101,'è§’è‰²ç®¡ç†',1,2,'role','system/role/index','',1,0,'C','0','0','system:role:list','peoples','admin','2021-12-21 02:47:00','',NULL,'è§’è‰²ç®¡ç†èœå•'),(102,'èœå•ç®¡ç†',1,3,'menu','system/menu/index','',1,0,'C','0','0','system:menu:list','tree-table','admin','2021-12-21 02:47:00','',NULL,'èœå•ç®¡ç†èœå•'),(103,'éƒ¨é—¨ç®¡ç†',1,4,'dept','system/dept/index','',1,0,'C','0','0','system:dept:list','tree','admin','2021-12-21 02:47:00','',NULL,'éƒ¨é—¨ç®¡ç†èœå•'),(104,'å²—ä½ç®¡ç†',1,5,'post','system/post/index','',1,0,'C','0','0','system:post:list','post','admin','2021-12-21 02:47:00','',NULL,'å²—ä½ç®¡ç†èœå•'),(105,'å­—å…¸ç®¡ç†',1,6,'dict','system/dict/index','',1,0,'C','0','0','system:dict:list','dict','admin','2021-12-21 02:47:00','',NULL,'å­—å…¸ç®¡ç†èœå•'),(106,'å‚æ•°è®¾ç½®',1,7,'config','system/config/index','',1,0,'C','0','0','system:config:list','edit','admin','2021-12-21 02:47:00','',NULL,'å‚æ•°è®¾ç½®èœå•'),(107,'é€šçŸ¥å…¬å‘Š',1,8,'notice','system/notice/index','',1,0,'C','0','0','system:notice:list','message','admin','2021-12-21 02:47:00','',NULL,'é€šçŸ¥å…¬å‘Šèœå•'),(108,'æ—¥å¿—ç®¡ç†',1,9,'log','','',1,0,'M','0','0','','log','admin','2021-12-21 02:47:00','',NULL,'æ—¥å¿—ç®¡ç†èœå•'),(109,'åœ¨çº¿ç”¨æˆ·',2,1,'online','monitor/online/index','',1,0,'C','0','0','monitor:online:list','online','admin','2021-12-21 02:47:00','',NULL,'åœ¨çº¿ç”¨æˆ·èœå•'),(110,'å®šæ—¶ä»»åŠ¡',2,2,'job','monitor/job/index','',1,0,'C','0','0','monitor:job:list','job','admin','2021-12-21 02:47:00','',NULL,'å®šæ—¶ä»»åŠ¡èœå•'),(111,'Sentinelæ§åˆ¶å°',2,3,'http://139.198.167.224:31267','','',0,0,'C','0','0','monitor:sentinel:list','sentinel','admin','2021-12-21 02:47:00','admin','2021-12-29 12:54:41','æµé‡æ§åˆ¶èœå•'),(112,'Nacosæ§åˆ¶å°',2,4,'http://139.198.167.224:30225/nacos/#/configurationManagement?dataId=&group=&appName=&namespace=&pageSize=&pageNo=','','',0,0,'C','0','0','monitor:nacos:list','nacos','admin','2021-12-21 02:47:00','admin','2021-12-30 08:05:20','æœåŠ¡æ²»ç†èœå•'),(113,'Adminæ§åˆ¶å°',2,5,'http://139.198.167.224:30358','','',0,0,'C','0','0','monitor:server:list','server','admin','2021-12-21 02:47:00','admin','2021-12-30 10:40:11','æœåŠ¡ç›‘æ§èœå•'),(114,'è¡¨å•æ„å»º',3,1,'build','tool/build/index','',1,0,'C','0','0','tool:build:list','build','admin','2021-12-21 02:47:00','',NULL,'è¡¨å•æ„å»ºèœå•'),(115,'ä»£ç ç”Ÿæˆ',3,2,'gen','tool/gen/index','',1,0,'C','0','0','tool:gen:list','code','admin','2021-12-21 02:47:00','',NULL,'ä»£ç ç”Ÿæˆèœå•'),(116,'ç³»ç»Ÿæ¥å£',3,3,'http://139.198.167.224:31192/swagger-ui/index.html','','',0,0,'C','0','0','tool:swagger:list','swagger','admin','2021-12-21 02:47:00','admin','2021-12-30 12:41:02','ç³»ç»Ÿæ¥å£èœå•'),(117,'è®¾å¤‡åˆ†ç±»',5,1,'category','iot/category/index','',1,0,'C','0','0','device:category:list','form','admin','2021-12-23 09:52:59','admin','2021-12-23 16:27:36','è®¾å¤‡åˆ†ç±»èœå•'),(118,'è®¾å¤‡åˆ—è¡¨',5,2,'device','iot/device/index','',1,0,'C','0','0','device:table:list','dict','admin','2021-12-23 09:52:59','admin','2021-12-27 04:50:22','è®¾å¤‡èœå•'),(119,'é…ç½®æ—¥å¿—',5,4,'set','iot/set/index','',1,0,'C','0','0','device:set:list','server','admin','2021-12-23 09:52:59','admin','2021-12-23 16:26:37','è®¾å¤‡é…ç½®èœå•'),(120,'çŠ¶æ€æ—¥å¿—',5,5,'status','iot/status/index','',1,0,'C','0','0','device:status:list','cascader','admin','2021-12-23 09:52:59','admin','2021-12-23 16:26:51','è®¾å¤‡çŠ¶æ€èœå•'),(121,'è®¾å¤‡åˆ†ç»„',5,3,'group','iot/group/index','',1,0,'C','0','0','device:group:list','row','admin','2021-12-23 09:52:59','admin','2021-12-23 16:26:18','åˆ†ç»„èœå•'),(122,'EMQç®¡ç†',5,6,'http://121.36.229.15:18083/#/',NULL,'',0,0,'C','0','0','','dashboard','admin','2021-12-23 10:06:24','admin','2021-12-23 10:19:06',''),(500,'æ“ä½œæ—¥å¿—',108,1,'operlog','system/operlog/index','',1,0,'C','0','0','system:operlog:list','form','admin','2021-12-21 02:47:00','',NULL,'æ“ä½œæ—¥å¿—èœå•'),(501,'ç™»å½•æ—¥å¿—',108,2,'logininfor','system/logininfor/index','',1,0,'C','0','0','system:logininfor:list','logininfor','admin','2021-12-21 02:47:00','',NULL,'ç™»å½•æ—¥å¿—èœå•'),(1001,'ç”¨æˆ·æŸ¥è¯¢',100,1,'','','',1,0,'F','0','0','system:user:query','#','admin','2021-12-21 02:47:00','',NULL,''),(1002,'ç”¨æˆ·æ–°å¢',100,2,'','','',1,0,'F','0','0','system:user:add','#','admin','2021-12-21 02:47:00','',NULL,''),(1003,'ç”¨æˆ·ä¿®æ”¹',100,3,'','','',1,0,'F','0','0','system:user:edit','#','admin','2021-12-21 02:47:00','',NULL,''),(1004,'ç”¨æˆ·åˆ é™¤',100,4,'','','',1,0,'F','0','0','system:user:remove','#','admin','2021-12-21 02:47:00','',NULL,''),(1005,'ç”¨æˆ·å¯¼å‡º',100,5,'','','',1,0,'F','0','0','system:user:export','#','admin','2021-12-21 02:47:00','',NULL,''),(1006,'ç”¨æˆ·å¯¼å…¥',100,6,'','','',1,0,'F','0','0','system:user:import','#','admin','2021-12-21 02:47:00','',NULL,''),(1007,'é‡ç½®å¯†ç ',100,7,'','','',1,0,'F','0','0','system:user:resetPwd','#','admin','2021-12-21 02:47:00','',NULL,''),(1008,'è§’è‰²æŸ¥è¯¢',101,1,'','','',1,0,'F','0','0','system:role:query','#','admin','2021-12-21 02:47:00','',NULL,''),(1009,'è§’è‰²æ–°å¢',101,2,'','','',1,0,'F','0','0','system:role:add','#','admin','2021-12-21 02:47:00','',NULL,''),(1010,'è§’è‰²ä¿®æ”¹',101,3,'','','',1,0,'F','0','0','system:role:edit','#','admin','2021-12-21 02:47:00','',NULL,''),(1011,'è§’è‰²åˆ é™¤',101,4,'','','',1,0,'F','0','0','system:role:remove','#','admin','2021-12-21 02:47:00','',NULL,''),(1012,'è§’è‰²å¯¼å‡º',101,5,'','','',1,0,'F','0','0','system:role:export','#','admin','2021-12-21 02:47:00','',NULL,''),(1013,'èœå•æŸ¥è¯¢',102,1,'','','',1,0,'F','0','0','system:menu:query','#','admin','2021-12-21 02:47:00','',NULL,''),(1014,'èœå•æ–°å¢',102,2,'','','',1,0,'F','0','0','system:menu:add','#','admin','2021-12-21 02:47:00','',NULL,''),(1015,'èœå•ä¿®æ”¹',102,3,'','','',1,0,'F','0','0','system:menu:edit','#','admin','2021-12-21 02:47:00','',NULL,''),(1016,'èœå•åˆ é™¤',102,4,'','','',1,0,'F','0','0','system:menu:remove','#','admin','2021-12-21 02:47:00','',NULL,''),(1017,'éƒ¨é—¨æŸ¥è¯¢',103,1,'','','',1,0,'F','0','0','system:dept:query','#','admin','2021-12-21 02:47:00','',NULL,''),(1018,'éƒ¨é—¨æ–°å¢',103,2,'','','',1,0,'F','0','0','system:dept:add','#','admin','2021-12-21 02:47:00','',NULL,''),(1019,'éƒ¨é—¨ä¿®æ”¹',103,3,'','','',1,0,'F','0','0','system:dept:edit','#','admin','2021-12-21 02:47:00','',NULL,''),(1020,'éƒ¨é—¨åˆ é™¤',103,4,'','','',1,0,'F','0','0','system:dept:remove','#','admin','2021-12-21 02:47:00','',NULL,''),(1021,'å²—ä½æŸ¥è¯¢',104,1,'','','',1,0,'F','0','0','system:post:query','#','admin','2021-12-21 02:47:00','',NULL,''),(1022,'å²—ä½æ–°å¢',104,2,'','','',1,0,'F','0','0','system:post:add','#','admin','2021-12-21 02:47:00','',NULL,''),(1023,'å²—ä½ä¿®æ”¹',104,3,'','','',1,0,'F','0','0','system:post:edit','#','admin','2021-12-21 02:47:00','',NULL,''),(1024,'å²—ä½åˆ é™¤',104,4,'','','',1,0,'F','0','0','system:post:remove','#','admin','2021-12-21 02:47:00','',NULL,''),(1025,'å²—ä½å¯¼å‡º',104,5,'','','',1,0,'F','0','0','system:post:export','#','admin','2021-12-21 02:47:00','',NULL,''),(1026,'å­—å…¸æŸ¥è¯¢',105,1,'#','','',1,0,'F','0','0','system:dict:query','#','admin','2021-12-21 02:47:00','',NULL,''),(1027,'å­—å…¸æ–°å¢',105,2,'#','','',1,0,'F','0','0','system:dict:add','#','admin','2021-12-21 02:47:00','',NULL,''),(1028,'å­—å…¸ä¿®æ”¹',105,3,'#','','',1,0,'F','0','0','system:dict:edit','#','admin','2021-12-21 02:47:00','',NULL,''),(1029,'å­—å…¸åˆ é™¤',105,4,'#','','',1,0,'F','0','0','system:dict:remove','#','admin','2021-12-21 02:47:00','',NULL,''),(1030,'å­—å…¸å¯¼å‡º',105,5,'#','','',1,0,'F','0','0','system:dict:export','#','admin','2021-12-21 02:47:00','',NULL,''),(1031,'å‚æ•°æŸ¥è¯¢',106,1,'#','','',1,0,'F','0','0','system:config:query','#','admin','2021-12-21 02:47:00','',NULL,''),(1032,'å‚æ•°æ–°å¢',106,2,'#','','',1,0,'F','0','0','system:config:add','#','admin','2021-12-21 02:47:00','',NULL,''),(1033,'å‚æ•°ä¿®æ”¹',106,3,'#','','',1,0,'F','0','0','system:config:edit','#','admin','2021-12-21 02:47:00','',NULL,''),(1034,'å‚æ•°åˆ é™¤',106,4,'#','','',1,0,'F','0','0','system:config:remove','#','admin','2021-12-21 02:47:00','',NULL,''),(1035,'å‚æ•°å¯¼å‡º',106,5,'#','','',1,0,'F','0','0','system:config:export','#','admin','2021-12-21 02:47:00','',NULL,''),(1036,'å…¬å‘ŠæŸ¥è¯¢',107,1,'#','','',1,0,'F','0','0','system:notice:query','#','admin','2021-12-21 02:47:00','',NULL,''),(1037,'å…¬å‘Šæ–°å¢',107,2,'#','','',1,0,'F','0','0','system:notice:add','#','admin','2021-12-21 02:47:00','',NULL,''),(1038,'å…¬å‘Šä¿®æ”¹',107,3,'#','','',1,0,'F','0','0','system:notice:edit','#','admin','2021-12-21 02:47:00','',NULL,''),(1039,'å…¬å‘Šåˆ é™¤',107,4,'#','','',1,0,'F','0','0','system:notice:remove','#','admin','2021-12-21 02:47:00','',NULL,''),(1040,'æ“ä½œæŸ¥è¯¢',500,1,'#','','',1,0,'F','0','0','system:operlog:query','#','admin','2021-12-21 02:47:00','',NULL,''),(1041,'æ“ä½œåˆ é™¤',500,2,'#','','',1,0,'F','0','0','system:operlog:remove','#','admin','2021-12-21 02:47:00','',NULL,''),(1042,'æ—¥å¿—å¯¼å‡º',500,4,'#','','',1,0,'F','0','0','system:operlog:export','#','admin','2021-12-21 02:47:00','',NULL,''),(1043,'ç™»å½•æŸ¥è¯¢',501,1,'#','','',1,0,'F','0','0','system:logininfor:query','#','admin','2021-12-21 02:47:00','',NULL,''),(1044,'ç™»å½•åˆ é™¤',501,2,'#','','',1,0,'F','0','0','system:logininfor:remove','#','admin','2021-12-21 02:47:00','',NULL,''),(1045,'æ—¥å¿—å¯¼å‡º',501,3,'#','','',1,0,'F','0','0','system:logininfor:export','#','admin','2021-12-21 02:47:00','',NULL,''),(1046,'åœ¨çº¿æŸ¥è¯¢',109,1,'#','','',1,0,'F','0','0','monitor:online:query','#','admin','2021-12-21 02:47:00','',NULL,''),(1047,'æ‰¹é‡å¼ºé€€',109,2,'#','','',1,0,'F','0','0','monitor:online:batchLogout','#','admin','2021-12-21 02:47:00','',NULL,''),(1048,'å•æ¡å¼ºé€€',109,3,'#','','',1,0,'F','0','0','monitor:online:forceLogout','#','admin','2021-12-21 02:47:00','',NULL,''),(1049,'ä»»åŠ¡æŸ¥è¯¢',110,1,'#','','',1,0,'F','0','0','monitor:job:query','#','admin','2021-12-21 02:47:00','',NULL,''),(1050,'ä»»åŠ¡æ–°å¢',110,2,'#','','',1,0,'F','0','0','monitor:job:add','#','admin','2021-12-21 02:47:00','',NULL,''),(1051,'ä»»åŠ¡ä¿®æ”¹',110,3,'#','','',1,0,'F','0','0','monitor:job:edit','#','admin','2021-12-21 02:47:00','',NULL,''),(1052,'ä»»åŠ¡åˆ é™¤',110,4,'#','','',1,0,'F','0','0','monitor:job:remove','#','admin','2021-12-21 02:47:00','',NULL,''),(1053,'çŠ¶æ€ä¿®æ”¹',110,5,'#','','',1,0,'F','0','0','monitor:job:changeStatus','#','admin','2021-12-21 02:47:01','',NULL,''),(1054,'ä»»åŠ¡å¯¼å‡º',110,7,'#','','',1,0,'F','0','0','monitor:job:export','#','admin','2021-12-21 02:47:01','',NULL,''),(1055,'ç”ŸæˆæŸ¥è¯¢',115,1,'#','','',1,0,'F','0','0','tool:gen:query','#','admin','2021-12-21 02:47:01','',NULL,''),(1056,'ç”Ÿæˆä¿®æ”¹',115,2,'#','','',1,0,'F','0','0','tool:gen:edit','#','admin','2021-12-21 02:47:01','',NULL,''),(1057,'ç”Ÿæˆåˆ é™¤',115,3,'#','','',1,0,'F','0','0','tool:gen:remove','#','admin','2021-12-21 02:47:01','',NULL,''),(1058,'å¯¼å…¥ä»£ç ',115,2,'#','','',1,0,'F','0','0','tool:gen:import','#','admin','2021-12-21 02:47:01','',NULL,''),(1059,'é¢„è§ˆä»£ç ',115,4,'#','','',1,0,'F','0','0','tool:gen:preview','#','admin','2021-12-21 02:47:01','',NULL,''),(1060,'ç”Ÿæˆä»£ç ',115,5,'#','','',1,0,'F','0','0','tool:gen:code','#','admin','2021-12-21 02:47:01','',NULL,''),(1061,'è®¾å¤‡åˆ†ç±»æŸ¥è¯¢',117,1,'','','',1,0,'F','0','0','device:category:query','#','admin','2021-12-23 09:52:59','admin','2021-12-23 16:25:46',''),(1062,'è®¾å¤‡åˆ†ç±»æ–°å¢',117,2,'','','',1,0,'F','0','0','device:category:add','#','admin','2021-12-23 09:52:59','',NULL,''),(1063,'è®¾å¤‡åˆ†ç±»ä¿®æ”¹',117,3,'','','',1,0,'F','0','0','device:category:edit','#','admin','2021-12-23 09:52:59','',NULL,''),(1064,'è®¾å¤‡åˆ†ç±»åˆ é™¤',117,4,'','','',1,0,'F','0','0','device:category:remove','#','admin','2021-12-23 09:52:59','',NULL,''),(1065,'è®¾å¤‡åˆ†ç±»å¯¼å‡º',117,5,'','','',1,0,'F','0','0','device:category:export','#','admin','2021-12-23 09:52:59','',NULL,''),(1066,'è®¾å¤‡æŸ¥è¯¢',118,1,'','','',1,0,'F','0','0','device:table:query','#','admin','2021-12-23 09:52:59','admin','2021-12-27 04:50:40',''),(1067,'è®¾å¤‡æ–°å¢',118,2,'','','',1,0,'F','0','0','device:table:add','#','admin','2021-12-23 09:52:59','admin','2021-12-27 04:50:57',''),(1068,'è®¾å¤‡ä¿®æ”¹',118,3,'','','',1,0,'F','0','0','device:table:edit','#','admin','2021-12-23 09:52:59','admin','2021-12-27 04:51:12',''),(1069,'è®¾å¤‡åˆ é™¤',118,4,'','','',1,0,'F','0','0','device:table:remove','#','admin','2021-12-23 09:52:59','admin','2021-12-27 04:51:25',''),(1070,'è®¾å¤‡å¯¼å‡º',118,5,'','','',1,0,'F','0','0','device:table:export','#','admin','2021-12-23 09:52:59','admin','2021-12-27 04:51:39',''),(1071,'è®¾å¤‡é…ç½®æŸ¥è¯¢',119,1,'','','',1,0,'F','0','0','device:set:query','#','admin','2021-12-23 09:52:59','',NULL,''),(1072,'è®¾å¤‡é…ç½®æ–°å¢',119,2,'','','',1,0,'F','0','0','device:set:add','#','admin','2021-12-23 09:52:59','',NULL,''),(1073,'è®¾å¤‡é…ç½®ä¿®æ”¹',119,3,'','','',1,0,'F','0','0','device:set:edit','#','admin','2021-12-23 09:52:59','',NULL,''),(1074,'è®¾å¤‡é…ç½®åˆ é™¤',119,4,'','','',1,0,'F','0','0','device:set:remove','#','admin','2021-12-23 09:52:59','',NULL,''),(1075,'è®¾å¤‡é…ç½®å¯¼å‡º',119,5,'','','',1,0,'F','0','0','device:set:export','#','admin','2021-12-23 09:52:59','',NULL,''),(1076,'è®¾å¤‡çŠ¶æ€æŸ¥è¯¢',120,1,'','','',1,0,'F','0','0','device:status:query','#','admin','2021-12-23 09:52:59','',NULL,''),(1077,'è®¾å¤‡çŠ¶æ€æ–°å¢',120,2,'','','',1,0,'F','0','0','device:status:add','#','admin','2021-12-23 09:52:59','',NULL,''),(1078,'è®¾å¤‡çŠ¶æ€ä¿®æ”¹',120,3,'','','',1,0,'F','0','0','device:status:edit','#','admin','2021-12-23 09:53:00','',NULL,''),(1079,'è®¾å¤‡çŠ¶æ€åˆ é™¤',120,4,'','','',1,0,'F','0','0','device:status:remove','#','admin','2021-12-23 09:53:00','',NULL,''),(1080,'è®¾å¤‡çŠ¶æ€å¯¼å‡º',120,5,'','','',1,0,'F','0','0','device:status:export','#','admin','2021-12-23 09:53:00','',NULL,''),(1081,'åˆ†ç»„æŸ¥è¯¢',121,1,'','','',1,0,'F','0','0','device:group:query','#','admin','2021-12-23 09:53:00','',NULL,''),(1082,'åˆ†ç»„æ–°å¢',121,2,'','','',1,0,'F','0','0','device:group:add','#','admin','2021-12-23 09:53:00','',NULL,''),(1083,'åˆ†ç»„ä¿®æ”¹',121,3,'','','',1,0,'F','0','0','device:group:edit','#','admin','2021-12-23 09:53:00','',NULL,''),(1084,'åˆ†ç»„åˆ é™¤',121,4,'','','',1,0,'F','0','0','device:group:remove','#','admin','2021-12-23 09:53:00','',NULL,''),(1085,'åˆ†ç»„å¯¼å‡º',121,5,'','','',1,0,'F','0','0','device:group:export','#','admin','2021-12-23 09:53:00','',NULL,''),(2001,'MinIOæ§åˆ¶å°',2,6,'http://121.36.229.15:9001/dashboard',NULL,NULL,0,0,'M','0','0','','button','admin','2021-12-26 06:47:46','admin','2021-12-26 06:48:37',''),(2003,'DevOps',0,4,'devops',NULL,NULL,1,0,'M','0','0','','chart','admin','2021-12-30 08:15:30','admin','2021-12-30 08:15:51',''),(2004,'Jenkens',2003,1,'http://81.68.236.154:10240/login?from=%2F',NULL,NULL,1,0,'M','0','0',NULL,'job','admin','2021-12-30 08:17:57','',NULL,''),(2005,'é•œåƒä»“åº“',2003,2,'https://cr.console.aliyun.com/cn-shanghai/instance/repositories',NULL,NULL,0,0,'M','0','0',NULL,'bug','admin','2021-12-30 08:19:11','',NULL,''),(2006,'gitee',2003,3,'https://gitee.com/organizations/xiao-ji-smart-home/projects',NULL,NULL,0,0,'M','0','0','','code','admin','2021-12-30 08:20:55','admin','2021-12-30 08:21:47',''),(2007,'github',2003,4,'https://github.com/lif314/XiaoJi-Cloud',NULL,NULL,0,0,'M','0','0',NULL,'code','admin','2021-12-30 08:21:38','',NULL,''),(2008,'Jira',2003,5,'https://xiaoji.atlassian.net/jira/your-work',NULL,NULL,0,0,'M','0','0',NULL,'build','admin','2021-12-30 08:22:42','',NULL,'');
/*!40000 ALTER TABLE `sys_menu` ENABLE KEYS */;
UNLOCK TABLES;

--
-- Table structure for table `sys_notice`
--

DROP TABLE IF EXISTS `sys_notice`;
/*!40101 SET @saved_cs_client     = @@character_set_client */;
/*!50503 SET character_set_client = utf8mb4 */;
CREATE TABLE `sys_notice` (
  `notice_id` int NOT NULL AUTO_INCREMENT COMMENT 'å…¬å‘ŠID',
  `notice_title` varchar(50) NOT NULL COMMENT 'å…¬å‘Šæ ‡é¢˜',
  `notice_type` char(1) NOT NULL COMMENT 'å…¬å‘Šç±»å‹ï¼ˆ1é€šçŸ¥ 2å…¬å‘Šï¼‰',
  `notice_content` longblob COMMENT 'å…¬å‘Šå†…å®¹',
  `status` char(1) DEFAULT '0' COMMENT 'å…¬å‘ŠçŠ¶æ€ï¼ˆ0æ­£å¸¸ 1å…³é—­ï¼‰',
  `create_by` varchar(64) DEFAULT '' COMMENT 'åˆ›å»ºè€…',
  `create_time` datetime DEFAULT NULL COMMENT 'åˆ›å»ºæ—¶é—´',
  `update_by` varchar(64) DEFAULT '' COMMENT 'æ›´æ–°è€…',
  `update_time` datetime DEFAULT NULL COMMENT 'æ›´æ–°æ—¶é—´',
  `remark` varchar(255) DEFAULT NULL COMMENT 'å¤‡æ³¨',
  PRIMARY KEY (`notice_id`)
) ENGINE=InnoDB AUTO_INCREMENT=10 DEFAULT CHARSET=utf8mb3 COMMENT='é€šçŸ¥å…¬å‘Šè¡¨';
/*!40101 SET character_set_client = @saved_cs_client */;

--
-- Dumping data for table `sys_notice`
--

LOCK TABLES `sys_notice` WRITE;
/*!40000 ALTER TABLE `sys_notice` DISABLE KEYS */;
INSERT INTO `sys_notice` VALUES (1,'æ¸©é¦¨æé†’ï¼š2021-12-30 å°æµç§‘æŠ€ä¸Šå¸‚äº†å•¦','2',_binary 'æ–°ç‰ˆæœ¬å†…å®¹','0','admin','2021-12-21 02:47:05','admin','2021-12-29 17:42:19','ç®¡ç†å‘˜'),(2,'ç»´æŠ¤é€šçŸ¥ï¼š2021-12-30 å°æµç³»ç»Ÿå‡Œæ™¨ç»´æŠ¤','1',_binary '<p>ç»´æŠ¤å†…å®¹</p>','0','admin','2021-12-21 02:47:05','admin','2021-12-29 17:42:41','ç®¡ç†å‘˜');
/*!40000 ALTER TABLE `sys_notice` ENABLE KEYS */;
UNLOCK TABLES;

--
-- Table structure for table `sys_oper_log`
--

DROP TABLE IF EXISTS `sys_oper_log`;
/*!40101 SET @saved_cs_client     = @@character_set_client */;
/*!50503 SET character_set_client = utf8mb4 */;
CREATE TABLE `sys_oper_log` (
  `oper_id` bigint NOT NULL AUTO_INCREMENT COMMENT 'æ—¥å¿—ä¸»é”®',
  `title` varchar(50) DEFAULT '' COMMENT 'æ¨¡å—æ ‡é¢˜',
  `business_type` int DEFAULT '0' COMMENT 'ä¸šåŠ¡ç±»å‹ï¼ˆ0å…¶å®ƒ 1æ–°å¢ 2ä¿®æ”¹ 3åˆ é™¤ï¼‰',
  `method` varchar(100) DEFAULT '' COMMENT 'æ–¹æ³•åç§°',
  `request_method` varchar(10) DEFAULT '' COMMENT 'è¯·æ±‚æ–¹å¼',
  `operator_type` int DEFAULT '0' COMMENT 'æ“ä½œç±»åˆ«ï¼ˆ0å…¶å®ƒ 1åå°ç”¨æˆ· 2æ‰‹æœºç«¯ç”¨æˆ·ï¼‰',
  `oper_name` varchar(50) DEFAULT '' COMMENT 'æ“ä½œäººå‘˜',
  `dept_name` varchar(50) DEFAULT '' COMMENT 'éƒ¨é—¨åç§°',
  `oper_url` varchar(255) DEFAULT '' COMMENT 'è¯·æ±‚URL',
  `oper_ip` varchar(128) DEFAULT '' COMMENT 'ä¸»æœºåœ°å€',
  `oper_location` varchar(255) DEFAULT '' COMMENT 'æ“ä½œåœ°ç‚¹',
  `oper_param` varchar(2000) DEFAULT '' COMMENT 'è¯·æ±‚å‚æ•°',
  `json_result` varchar(2000) DEFAULT '' COMMENT 'è¿”å›å‚æ•°',
  `status` int DEFAULT '0' COMMENT 'æ“ä½œçŠ¶æ€ï¼ˆ0æ­£å¸¸ 1å¼‚å¸¸ï¼‰',
  `error_msg` varchar(2000) DEFAULT '' COMMENT 'é”™è¯¯æ¶ˆæ¯',
  `oper_time` datetime DEFAULT NULL COMMENT 'æ“ä½œæ—¶é—´',
  PRIMARY KEY (`oper_id`)
) ENGINE=InnoDB AUTO_INCREMENT=211 DEFAULT CHARSET=utf8mb3 COMMENT='æ“ä½œæ—¥å¿—è®°å½•';
/*!40101 SET character_set_client = @saved_cs_client */;

--
-- Dumping data for table `sys_oper_log`
--

LOCK TABLES `sys_oper_log` WRITE;
/*!40000 ALTER TABLE `sys_oper_log` DISABLE KEYS */;
INSERT INTO `sys_oper_log` VALUES (100,'èœå•ç®¡ç†',2,'com.xiaoji.system.controller.SysMenuController.edit()','PUT',1,'admin',NULL,'/menu','127.0.0.1','','{\"visible\":\"0\",\"query\":\"\",\"icon\":\"guide\",\"orderNum\":\"4\",\"menuName\":\"å°æµæ™ºèƒ½å®˜ç½‘\",\"params\":{},\"parentId\":0,\"isCache\":\"0\",\"path\":\"https://gitee.com/organizations/xiao-ji-smart-home/projects\",\"children\":[],\"createTime\":1640026019000,\"updateBy\":\"admin\",\"isFrame\":\"0\",\"menuId\":4,\"menuType\":\"M\",\"perms\":\"\",\"status\":\"0\"}','{\"msg\":\"æ“ä½œæˆåŠŸ\",\"code\":200}',0,NULL,'2021-12-21 12:03:36'),(101,'èœå•ç®¡ç†',2,'com.xiaoji.system.controller.SysMenuController.edit()','PUT',1,'admin',NULL,'/menu','127.0.0.1','','{\"visible\":\"0\",\"query\":\"\",\"icon\":\"guide\",\"orderNum\":\"4\",\"menuName\":\"å°æµæ™ºèƒ½å®˜ç½‘\",\"params\":{},\"parentId\":0,\"isCache\":\"0\",\"path\":\"https://gitee.com/organizations/xiao-ji-smart-home/projects\",\"children\":[],\"createTime\":1640026019000,\"updateBy\":\"admin\",\"isFrame\":\"0\",\"menuId\":4,\"menuType\":\"M\",\"perms\":\"\",\"status\":\"0\"}','{\"msg\":\"æ“ä½œæˆåŠŸ\",\"code\":200}',0,NULL,'2021-12-21 12:04:22'),(102,'èœå•ç®¡ç†',2,'com.xiaoji.system.controller.SysMenuController.edit()','PUT',1,'admin',NULL,'/menu','127.0.0.1','','{\"visible\":\"0\",\"query\":\"\",\"icon\":\"iot\",\"orderNum\":\"0\",\"menuName\":\"ä¸‡ç‰©äº’è”\",\"params\":{},\"parentId\":0,\"isCache\":\"0\",\"path\":\"iot\",\"children\":[],\"createTime\":1640224379000,\"updateBy\":\"admin\",\"isFrame\":\"1\",\"menuId\":5,\"menuType\":\"M\",\"perms\":\"\",\"status\":\"0\"}','{\"msg\":\"æ“ä½œæˆåŠŸ\",\"code\":200}',0,NULL,'2021-12-23 09:57:54'),(103,'èœå•ç®¡ç†',2,'com.xiaoji.system.controller.SysMenuController.edit()','PUT',1,'admin',NULL,'/menu','127.0.0.1','','{\"visible\":\"0\",\"query\":\"\",\"icon\":\"iot\",\"orderNum\":\"0\",\"menuName\":\"ä¸‡ç‰©äº’è”\",\"params\":{},\"parentId\":0,\"isCache\":\"0\",\"path\":\"iot\",\"children\":[],\"createTime\":1640224379000,\"updateBy\":\"admin\",\"isFrame\":\"1\",\"menuId\":5,\"menuType\":\"M\",\"perms\":\"\",\"status\":\"0\"}','{\"msg\":\"æ“ä½œæˆåŠŸ\",\"code\":200}',0,NULL,'2021-12-23 09:57:54'),(104,'ç”¨æˆ·ç®¡ç†',2,'com.xiaoji.system.controller.SysUserController.edit()','PUT',1,'admin',NULL,'/user','127.0.0.1','','{\"roles\":[{\"flag\":false,\"roleId\":2,\"admin\":false,\"dataScope\":\"2\",\"params\":{},\"roleSort\":\"2\",\"deptCheckStrictly\":false,\"menuCheckStrictly\":false,\"roleKey\":\"common\",\"roleName\":\"æ™®é€šè§’è‰²\",\"status\":\"0\"}],\"phonenumber\":\"15666666666\",\"admin\":false,\"loginDate\":1640026019000,\"remark\":\"æµ‹è¯•å‘˜\",\"delFlag\":\"0\",\"password\":\"\",\"updateBy\":\"admin\",\"postIds\":[2],\"loginIp\":\"127.0.0.1\",\"email\":\"tongji@qq.com\",\"nickName\":\"å°æµ\",\"sex\":\"1\",\"deptId\":105,\"avatar\":\"\",\"dept\":{\"deptName\":\"æµ‹è¯•éƒ¨é—¨\",\"leader\":\"è‹¥ä¾\",\"deptId\":105,\"orderNum\":\"3\",\"params\":{},\"parentId\":101,\"children\":[],\"status\":\"0\"},\"params\":{},\"userName\":\"ry\",\"userId\":2,\"createBy\":\"admin\",\"roleIds\":[2],\"createTime\":1640026019000,\"status\":\"0\"}','{\"msg\":\"æ“ä½œæˆåŠŸ\",\"code\":200}',0,NULL,'2021-12-23 10:07:58'),(105,'èœå•ç®¡ç†',2,'com.xiaoji.system.controller.SysMenuController.edit()','PUT',1,'admin',NULL,'/menu','127.0.0.1','','{\"visible\":\"0\",\"query\":\"\",\"icon\":\"client\",\"orderNum\":\"0\",\"menuName\":\"ä¸‡ç‰©äº’è”\",\"params\":{},\"parentId\":0,\"isCache\":\"0\",\"path\":\"device\",\"children\":[],\"createTime\":1640224379000,\"updateBy\":\"admin\",\"isFrame\":\"1\",\"menuId\":5,\"menuType\":\"M\",\"perms\":\"\",\"status\":\"0\"}','{\"msg\":\"æ“ä½œæˆåŠŸ\",\"code\":200}',0,NULL,'2021-12-23 10:09:51'),(106,'èœå•ç®¡ç†',2,'com.xiaoji.system.controller.SysMenuController.edit()','PUT',1,'admin',NULL,'/menu','127.0.0.1','','{\"visible\":\"0\",\"query\":\"\",\"icon\":\"category\",\"orderNum\":\"1\",\"menuName\":\"è®¾å¤‡åˆ†ç±»\",\"params\":{},\"parentId\":5,\"isCache\":\"0\",\"path\":\"category\",\"component\":\"device/category/index\",\"children\":[],\"createTime\":1640224379000,\"updateBy\":\"admin\",\"isFrame\":\"1\",\"menuId\":117,\"menuType\":\"C\",\"perms\":\"device:category:list\",\"status\":\"0\"}','{\"msg\":\"æ“ä½œæˆåŠŸ\",\"code\":200}',0,NULL,'2021-12-23 10:10:52'),(107,'èœå•ç®¡ç†',2,'com.xiaoji.system.controller.SysMenuController.edit()','PUT',1,'admin',NULL,'/menu','127.0.0.1','','{\"visible\":\"0\",\"query\":\"\",\"icon\":\"client\",\"orderNum\":\"0\",\"menuName\":\"ä¸‡ç‰©äº’è”\",\"params\":{},\"parentId\":0,\"isCache\":\"0\",\"path\":\"device\",\"children\":[],\"createTime\":1640224379000,\"updateBy\":\"admin\",\"isFrame\":\"1\",\"menuId\":5,\"menuType\":\"M\",\"perms\":\"\",\"status\":\"0\"}','{\"msg\":\"æ“ä½œæˆåŠŸ\",\"code\":200}',0,NULL,'2021-12-23 10:12:19'),(108,'èœå•ç®¡ç†',2,'com.xiaoji.system.controller.SysMenuController.edit()','PUT',1,'admin',NULL,'/menu','127.0.0.1','','{\"visible\":\"0\",\"query\":\"\",\"icon\":\"form\",\"orderNum\":\"1\",\"menuName\":\"è®¾å¤‡åˆ†ç±»\",\"params\":{},\"parentId\":5,\"isCache\":\"0\",\"path\":\"category\",\"component\":\"device/category/index\",\"children\":[],\"createTime\":1640224379000,\"updateBy\":\"admin\",\"isFrame\":\"1\",\"menuId\":117,\"menuType\":\"C\",\"perms\":\"device:category:list\",\"status\":\"0\"}','{\"msg\":\"æ“ä½œæˆåŠŸ\",\"code\":200}',0,NULL,'2021-12-23 10:16:37'),(109,'èœå•ç®¡ç†',2,'com.xiaoji.system.controller.SysMenuController.edit()','PUT',1,'admin',NULL,'/menu','127.0.0.1','','{\"visible\":\"0\",\"query\":\"\",\"icon\":\"dict\",\"orderNum\":\"2\",\"menuName\":\"è®¾å¤‡åˆ—è¡¨\",\"params\":{},\"parentId\":5,\"isCache\":\"0\",\"path\":\"device\",\"component\":\"device/device/index\",\"children\":[],\"createTime\":1640224379000,\"updateBy\":\"admin\",\"isFrame\":\"1\",\"menuId\":118,\"menuType\":\"C\",\"perms\":\"device:device:list\",\"status\":\"0\"}','{\"msg\":\"æ“ä½œæˆåŠŸ\",\"code\":200}',0,NULL,'2021-12-23 10:17:03'),(110,'èœå•ç®¡ç†',2,'com.xiaoji.system.controller.SysMenuController.edit()','PUT',1,'admin',NULL,'/menu','127.0.0.1','','{\"visible\":\"0\",\"query\":\"\",\"icon\":\"row\",\"orderNum\":\"3\",\"menuName\":\"è®¾å¤‡åˆ†ç»„\",\"params\":{},\"parentId\":5,\"isCache\":\"0\",\"path\":\"group\",\"component\":\"device/group/index\",\"children\":[],\"createTime\":1640224379000,\"updateBy\":\"admin\",\"isFrame\":\"1\",\"menuId\":121,\"menuType\":\"C\",\"perms\":\"device:group:list\",\"status\":\"0\"}','{\"msg\":\"æ“ä½œæˆåŠŸ\",\"code\":200}',0,NULL,'2021-12-23 10:17:28'),(111,'èœå•ç®¡ç†',2,'com.xiaoji.system.controller.SysMenuController.edit()','PUT',1,'admin',NULL,'/menu','127.0.0.1','','{\"visible\":\"0\",\"query\":\"\",\"icon\":\"server\",\"orderNum\":\"4\",\"menuName\":\"é…ç½®æ—¥å¿—\",\"params\":{},\"parentId\":5,\"isCache\":\"0\",\"path\":\"set\",\"component\":\"device/set/index\",\"children\":[],\"createTime\":1640224379000,\"updateBy\":\"admin\",\"isFrame\":\"1\",\"menuId\":119,\"menuType\":\"C\",\"perms\":\"device:set:list\",\"status\":\"0\"}','{\"msg\":\"æ“ä½œæˆåŠŸ\",\"code\":200}',0,NULL,'2021-12-23 10:18:38'),(112,'èœå•ç®¡ç†',2,'com.xiaoji.system.controller.SysMenuController.edit()','PUT',1,'admin',NULL,'/menu','127.0.0.1','','{\"visible\":\"0\",\"query\":\"\",\"icon\":\"cascader\",\"orderNum\":\"5\",\"menuName\":\"çŠ¶æ€æ—¥å¿—\",\"params\":{},\"parentId\":5,\"isCache\":\"0\",\"path\":\"status\",\"component\":\"device/status/index\",\"children\":[],\"createTime\":1640224379000,\"updateBy\":\"admin\",\"isFrame\":\"1\",\"menuId\":120,\"menuType\":\"C\",\"perms\":\"device:status:list\",\"status\":\"0\"}','{\"msg\":\"æ“ä½œæˆåŠŸ\",\"code\":200}',0,NULL,'2021-12-23 10:18:49'),(113,'èœå•ç®¡ç†',2,'com.xiaoji.system.controller.SysMenuController.edit()','PUT',1,'admin',NULL,'/menu','127.0.0.1','','{\"visible\":\"0\",\"query\":\"\",\"icon\":\"dashboard\",\"orderNum\":\"6\",\"menuName\":\"EMQç®¡ç†\",\"params\":{},\"parentId\":5,\"isCache\":\"0\",\"path\":\"http://121.36.229.15:18083/#/\",\"children\":[],\"createTime\":1640225184000,\"updateBy\":\"admin\",\"isFrame\":\"0\",\"menuId\":122,\"menuType\":\"C\",\"perms\":\"\",\"status\":\"0\"}','{\"msg\":\"æ“ä½œæˆåŠŸ\",\"code\":200}',0,NULL,'2021-12-23 10:19:06'),(114,'èœå•ç®¡ç†',2,'com.xiaoji.system.controller.SysMenuController.edit()','PUT',1,'admin',NULL,'/menu','127.0.0.1','','{\"visible\":\"0\",\"query\":\"\",\"icon\":\"dict\",\"orderNum\":\"2\",\"menuName\":\"è®¾å¤‡åˆ—è¡¨\",\"params\":{},\"parentId\":5,\"isCache\":\"0\",\"path\":\"list\",\"component\":\"device/list/index\",\"children\":[],\"createTime\":1640224379000,\"updateBy\":\"admin\",\"isFrame\":\"1\",\"menuId\":118,\"menuType\":\"C\",\"perms\":\"device:device:list\",\"status\":\"0\"}','{\"msg\":\"æ“ä½œæˆåŠŸ\",\"code\":200}',0,NULL,'2021-12-23 15:33:00'),(115,'èœå•ç®¡ç†',2,'com.xiaoji.system.controller.SysMenuController.edit()','PUT',1,'admin',NULL,'/menu','127.0.0.1','','{\"visible\":\"0\",\"query\":\"\",\"icon\":\"dict\",\"orderNum\":\"2\",\"menuName\":\"è®¾å¤‡åˆ—è¡¨\",\"params\":{},\"parentId\":5,\"isCache\":\"0\",\"path\":\"list\",\"component\":\"device/list/index\",\"children\":[],\"createTime\":1640224379000,\"updateBy\":\"admin\",\"isFrame\":\"1\",\"menuId\":118,\"menuType\":\"C\",\"perms\":\"device:device:list\",\"status\":\"0\"}','{\"msg\":\"æ“ä½œæˆåŠŸ\",\"code\":200}',0,NULL,'2021-12-23 15:35:27'),(116,'èœå•ç®¡ç†',2,'com.xiaoji.system.controller.SysMenuController.edit()','PUT',1,'admin',NULL,'/menu','127.0.0.1','','{\"visible\":\"0\",\"query\":\"\",\"icon\":\"dict\",\"orderNum\":\"2\",\"menuName\":\"è®¾å¤‡åˆ—è¡¨\",\"params\":{},\"parentId\":5,\"isCache\":\"0\",\"path\":\"device\",\"component\":\"device/device/index\",\"children\":[],\"createTime\":1640224379000,\"updateBy\":\"admin\",\"isFrame\":\"1\",\"menuId\":118,\"menuType\":\"C\",\"perms\":\"device:device:list\",\"status\":\"0\"}','{\"msg\":\"æ“ä½œæˆåŠŸ\",\"code\":200}',0,NULL,'2021-12-23 15:37:58'),(117,'èœå•ç®¡ç†',2,'com.xiaoji.system.controller.SysMenuController.edit()','PUT',1,'admin',NULL,'/menu','127.0.0.1','','{\"visible\":\"0\",\"query\":\"\",\"icon\":\"client\",\"orderNum\":\"0\",\"menuName\":\"ä¸‡ç‰©äº’è”\",\"params\":{},\"parentId\":0,\"isCache\":\"0\",\"path\":\"device\",\"children\":[],\"createTime\":1640224379000,\"updateBy\":\"admin\",\"isFrame\":\"1\",\"menuId\":5,\"menuType\":\"M\",\"perms\":\"\",\"status\":\"0\"}','{\"msg\":\"æ“ä½œæˆåŠŸ\",\"code\":200}',0,NULL,'2021-12-23 16:06:14'),(118,'èœå•ç®¡ç†',2,'com.xiaoji.system.controller.SysMenuController.edit()','PUT',1,'admin',NULL,'/menu','127.0.0.1','','{\"visible\":\"0\",\"query\":\"\",\"icon\":\"client\",\"orderNum\":\"0\",\"menuName\":\"ä¸‡ç‰©äº’è”\",\"params\":{},\"parentId\":0,\"isCache\":\"0\",\"path\":\"iot\",\"children\":[],\"createTime\":1640224379000,\"updateBy\":\"admin\",\"isFrame\":\"1\",\"menuId\":5,\"menuType\":\"M\",\"perms\":\"\",\"status\":\"0\"}','{\"msg\":\"æ“ä½œæˆåŠŸ\",\"code\":200}',0,NULL,'2021-12-23 16:23:59'),(119,'èœå•ç®¡ç†',2,'com.xiaoji.system.controller.SysMenuController.edit()','PUT',1,'admin',NULL,'/menu','127.0.0.1','','{\"visible\":\"0\",\"query\":\"\",\"icon\":\"form\",\"orderNum\":\"1\",\"menuName\":\"è®¾å¤‡åˆ†ç±»\",\"params\":{},\"parentId\":5,\"isCache\":\"0\",\"path\":\"category\",\"component\":\"iot/category/index\",\"children\":[],\"createTime\":1640224379000,\"updateBy\":\"admin\",\"isFrame\":\"1\",\"menuId\":117,\"menuType\":\"C\",\"perms\":\"device:category:list\",\"status\":\"0\"}','{\"msg\":\"æ“ä½œæˆåŠŸ\",\"code\":200}',0,NULL,'2021-12-23 16:25:29'),(120,'èœå•ç®¡ç†',2,'com.xiaoji.system.controller.SysMenuController.edit()','PUT',1,'admin',NULL,'/menu','127.0.0.1','','{\"visible\":\"0\",\"query\":\"\",\"icon\":\"client\",\"orderNum\":\"0\",\"menuName\":\"ä¸‡ç‰©äº’è”\",\"params\":{},\"parentId\":0,\"isCache\":\"0\",\"path\":\"iot\",\"children\":[],\"createTime\":1640224379000,\"updateBy\":\"admin\",\"isFrame\":\"1\",\"menuId\":5,\"menuType\":\"M\",\"perms\":\"\",\"status\":\"0\"}','{\"msg\":\"æ“ä½œæˆåŠŸ\",\"code\":200}',0,NULL,'2021-12-23 16:25:33'),(121,'èœå•ç®¡ç†',2,'com.xiaoji.system.controller.SysMenuController.edit()','PUT',1,'admin',NULL,'/menu','127.0.0.1','','{\"visible\":\"0\",\"query\":\"\",\"icon\":\"form\",\"orderNum\":\"1\",\"menuName\":\"è®¾å¤‡åˆ†ç±»\",\"params\":{},\"parentId\":5,\"isCache\":\"0\",\"path\":\"category\",\"component\":\"iot/category/index\",\"children\":[],\"createTime\":1640224379000,\"updateBy\":\"admin\",\"isFrame\":\"1\",\"menuId\":117,\"menuType\":\"C\",\"perms\":\"device:category:list\",\"status\":\"0\"}','{\"msg\":\"æ“ä½œæˆåŠŸ\",\"code\":200}',0,NULL,'2021-12-23 16:25:40'),(122,'èœå•ç®¡ç†',2,'com.xiaoji.system.controller.SysMenuController.edit()','PUT',1,'admin',NULL,'/menu','127.0.0.1','','{\"visible\":\"0\",\"query\":\"\",\"icon\":\"#\",\"orderNum\":\"1\",\"menuName\":\"è®¾å¤‡åˆ†ç±»æŸ¥è¯¢\",\"params\":{},\"parentId\":117,\"isCache\":\"0\",\"path\":\"\",\"component\":\"\",\"children\":[],\"createTime\":1640224379000,\"updateBy\":\"admin\",\"isFrame\":\"1\",\"menuId\":1061,\"menuType\":\"F\",\"perms\":\"device:category:query\",\"status\":\"0\"}','{\"msg\":\"æ“ä½œæˆåŠŸ\",\"code\":200}',0,NULL,'2021-12-23 16:25:46'),(123,'èœå•ç®¡ç†',2,'com.xiaoji.system.controller.SysMenuController.edit()','PUT',1,'admin',NULL,'/menu','127.0.0.1','','{\"visible\":\"0\",\"query\":\"\",\"icon\":\"dict\",\"orderNum\":\"2\",\"menuName\":\"è®¾å¤‡åˆ—è¡¨\",\"params\":{},\"parentId\":5,\"isCache\":\"0\",\"path\":\"device\",\"component\":\"iot/device/index\",\"children\":[],\"createTime\":1640224379000,\"updateBy\":\"admin\",\"isFrame\":\"1\",\"menuId\":118,\"menuType\":\"C\",\"perms\":\"device:device:list\",\"status\":\"0\"}','{\"msg\":\"æ“ä½œæˆåŠŸ\",\"code\":200}',0,NULL,'2021-12-23 16:26:01'),(124,'èœå•ç®¡ç†',2,'com.xiaoji.system.controller.SysMenuController.edit()','PUT',1,'admin',NULL,'/menu','127.0.0.1','','{\"visible\":\"0\",\"query\":\"\",\"icon\":\"row\",\"orderNum\":\"3\",\"menuName\":\"è®¾å¤‡åˆ†ç»„\",\"params\":{},\"parentId\":5,\"isCache\":\"0\",\"path\":\"group\",\"component\":\"iot/group/index\",\"children\":[],\"createTime\":1640224379000,\"updateBy\":\"admin\",\"isFrame\":\"1\",\"menuId\":121,\"menuType\":\"C\",\"perms\":\"device:group:list\",\"status\":\"0\"}','{\"msg\":\"æ“ä½œæˆåŠŸ\",\"code\":200}',0,NULL,'2021-12-23 16:26:18'),(125,'èœå•ç®¡ç†',2,'com.xiaoji.system.controller.SysMenuController.edit()','PUT',1,'admin',NULL,'/menu','127.0.0.1','','{\"visible\":\"0\",\"query\":\"\",\"icon\":\"server\",\"orderNum\":\"4\",\"menuName\":\"é…ç½®æ—¥å¿—\",\"params\":{},\"parentId\":5,\"isCache\":\"0\",\"path\":\"set\",\"component\":\"iot/set/index\",\"children\":[],\"createTime\":1640224379000,\"updateBy\":\"admin\",\"isFrame\":\"1\",\"menuId\":119,\"menuType\":\"C\",\"perms\":\"device:set:list\",\"status\":\"0\"}','{\"msg\":\"æ“ä½œæˆåŠŸ\",\"code\":200}',0,NULL,'2021-12-23 16:26:37'),(126,'èœå•ç®¡ç†',2,'com.xiaoji.system.controller.SysMenuController.edit()','PUT',1,'admin',NULL,'/menu','127.0.0.1','','{\"visible\":\"0\",\"query\":\"\",\"icon\":\"cascader\",\"orderNum\":\"5\",\"menuName\":\"çŠ¶æ€æ—¥å¿—\",\"params\":{},\"parentId\":5,\"isCache\":\"0\",\"path\":\"status\",\"component\":\"iot/status/index\",\"children\":[],\"createTime\":1640224379000,\"updateBy\":\"admin\",\"isFrame\":\"1\",\"menuId\":120,\"menuType\":\"C\",\"perms\":\"device:status:list\",\"status\":\"0\"}','{\"msg\":\"æ“ä½œæˆåŠŸ\",\"code\":200}',0,NULL,'2021-12-23 16:26:51'),(127,'èœå•ç®¡ç†',2,'com.xiaoji.system.controller.SysMenuController.edit()','PUT',1,'admin',NULL,'/menu','127.0.0.1','','{\"visible\":\"0\",\"query\":\"\",\"icon\":\"form\",\"orderNum\":\"1\",\"menuName\":\"è®¾å¤‡åˆ†ç±»\",\"params\":{},\"parentId\":5,\"isCache\":\"0\",\"path\":\"category\",\"component\":\"iot/category/index\",\"children\":[],\"createTime\":1640224379000,\"updateBy\":\"admin\",\"isFrame\":\"1\",\"menuId\":117,\"menuType\":\"C\",\"perms\":\"device:category:list\",\"status\":\"0\"}','{\"msg\":\"æ“ä½œæˆåŠŸ\",\"code\":200}',0,NULL,'2021-12-23 16:27:37'),(128,'èœå•ç®¡ç†',1,'com.xiaoji.system.controller.SysMenuController.add()','POST',1,'admin',NULL,'/menu','127.0.0.1','','{\"visible\":\"0\",\"icon\":\"client\",\"orderNum\":\"0\",\"menuName\":\"ä¸‡ç‰©äº’è”\",\"params\":{},\"parentId\":0,\"isCache\":\"0\",\"path\":\"iot\",\"children\":[],\"isFrame\":\"1\",\"menuType\":\"M\",\"status\":\"0\"}','{\"msg\":\"æ–°å¢èœå•\'ä¸‡ç‰©äº’è”\'å¤±è´¥ï¼Œèœå•åç§°å·²å­˜åœ¨\",\"code\":500}',0,NULL,'2021-12-25 05:33:49'),(129,'èœå•ç®¡ç†',1,'com.xiaoji.system.controller.SysMenuController.add()','POST',1,'admin',NULL,'/menu','127.0.0.1','','{\"visible\":\"0\",\"icon\":\"client\",\"orderNum\":\"0\",\"menuName\":\"è®¾å¤‡ç®¡ç†\",\"params\":{},\"parentId\":0,\"isCache\":\"0\",\"path\":\"iot\",\"createBy\":\"admin\",\"children\":[],\"isFrame\":\"1\",\"menuType\":\"M\",\"status\":\"0\"}','{\"msg\":\"æ“ä½œæˆåŠŸ\",\"code\":200}',0,NULL,'2021-12-25 05:34:12'),(130,'èœå•ç®¡ç†',3,'com.xiaoji.system.controller.SysMenuController.remove()','DELETE',1,'admin',NULL,'/menu/2000','127.0.0.1','',NULL,'{\"msg\":\"æ“ä½œæˆåŠŸ\",\"code\":200}',0,NULL,'2021-12-25 05:36:36'),(131,'èœå•ç®¡ç†',2,'com.xiaoji.system.controller.SysMenuController.edit()','PUT',1,'admin',NULL,'/menu','127.0.0.1','','{\"visible\":\"0\",\"query\":\"\",\"icon\":\"client\",\"orderNum\":\"0\",\"menuName\":\"ä¸‡ç‰©äº’è”\",\"params\":{},\"parentId\":0,\"isCache\":\"0\",\"path\":\"iot\",\"children\":[],\"createTime\":1640224379000,\"updateBy\":\"admin\",\"isFrame\":\"1\",\"menuId\":5,\"menuType\":\"M\",\"perms\":\"\",\"status\":\"0\"}','{\"msg\":\"æ“ä½œæˆåŠŸ\",\"code\":200}',0,NULL,'2021-12-25 07:31:36'),(132,'ç”¨æˆ·å¤´åƒ',2,'com.xiaoji.system.controller.SysProfileController.avatar()','POST',1,'admin',NULL,'/user/profile/avatar','127.0.0.1','','','{\"msg\":\"æ–‡ä»¶æœåŠ¡å¼‚å¸¸ï¼Œè¯·è”ç³»ç®¡ç†å‘˜\",\"code\":500}',0,NULL,'2021-12-25 11:20:47'),(133,'ç”¨æˆ·å¤´åƒ',2,'com.xiaoji.system.controller.SysProfileController.avatar()','POST',1,'admin',NULL,'/user/profile/avatar','127.0.0.1','','','{\"msg\":\"æ–‡ä»¶æœåŠ¡å¼‚å¸¸ï¼Œè¯·è”ç³»ç®¡ç†å‘˜\",\"code\":500}',0,NULL,'2021-12-25 11:20:49'),(134,'ç”¨æˆ·å¤´åƒ',2,'com.xiaoji.system.controller.SysProfileController.avatar()','POST',1,'admin',NULL,'/user/profile/avatar','127.0.0.1','','','{\"msg\":\"æ“ä½œæˆåŠŸ\",\"imgUrl\":\"http://127.0.0.1:9300/statics/2021/12/25/58bb40b1-ac89-4308-a44d-744d7ceb76be.jpeg\",\"code\":200}',0,NULL,'2021-12-25 11:21:24'),(135,'ç”¨æˆ·å¤´åƒ',2,'com.xiaoji.system.controller.SysProfileController.avatar()','POST',1,'admin',NULL,'/user/profile/avatar','127.0.0.1','','','{\"msg\":\"æ“ä½œæˆåŠŸ\",\"imgUrl\":\"http://127.0.0.1:9300/statics/2021/12/25/9f3fec7d-d287-4856-bfb2-21fdd5f49643.jpeg\",\"code\":200}',0,NULL,'2021-12-25 11:22:28'),(136,'ç”¨æˆ·å¤´åƒ',2,'com.xiaoji.system.controller.SysProfileController.avatar()','POST',1,'admin',NULL,'/user/profile/avatar','127.0.0.1','','','{\"msg\":\"æ–‡ä»¶æœåŠ¡å¼‚å¸¸ï¼Œè¯·è”ç³»ç®¡ç†å‘˜\",\"code\":500}',0,NULL,'2021-12-26 06:05:06'),(137,'ç”¨æˆ·å¤´åƒ',2,'com.xiaoji.system.controller.SysProfileController.avatar()','POST',1,'admin',NULL,'/user/profile/avatar','127.0.0.1','','','{\"msg\":\"æ–‡ä»¶æœåŠ¡å¼‚å¸¸ï¼Œè¯·è”ç³»ç®¡ç†å‘˜\",\"code\":500}',0,NULL,'2021-12-26 06:05:08'),(138,'ç”¨æˆ·å¤´åƒ',2,'com.xiaoji.system.controller.SysProfileController.avatar()','POST',1,'admin',NULL,'/user/profile/avatar','127.0.0.1','','','{\"msg\":\"æ–‡ä»¶æœåŠ¡å¼‚å¸¸ï¼Œè¯·è”ç³»ç®¡ç†å‘˜\",\"code\":500}',0,NULL,'2021-12-26 06:05:09'),(139,'ç”¨æˆ·å¤´åƒ',2,'com.xiaoji.system.controller.SysProfileController.avatar()','POST',1,'admin',NULL,'/user/profile/avatar','127.0.0.1','','','{\"msg\":\"æ“ä½œæˆåŠŸ\",\"imgUrl\":\"http://127.0.0.1:9300/statics/2021/12/26/ef6b05fd-0072-4e6c-9837-1fcd82661fdb.jpeg\",\"code\":200}',0,NULL,'2021-12-26 06:06:54'),(140,'ç”¨æˆ·å¤´åƒ',2,'com.xiaoji.system.controller.SysProfileController.avatar()','POST',1,'admin',NULL,'/user/profile/avatar','127.0.0.1','','','{\"msg\":\"æ“ä½œæˆåŠŸ\",\"imgUrl\":\"http://127.0.0.1:9300/statics/2021/12/26/3f9b0d6e-9297-4632-babf-42b1aca11e65.jpeg\",\"code\":200}',0,NULL,'2021-12-26 06:09:43'),(141,'ç”¨æˆ·å¤´åƒ',2,'com.xiaoji.system.controller.SysProfileController.avatar()','POST',1,'admin',NULL,'/user/profile/avatar','127.0.0.1','','','{\"msg\":\"æ“ä½œæˆåŠŸ\",\"imgUrl\":\"http://127.0.0.1:9300/statics/2021/12/26/548fc417-c541-45b4-abfe-02ee61dc4a16.jpeg\",\"code\":200}',0,NULL,'2021-12-26 06:13:28'),(142,'ä¸ªäººä¿¡æ¯',2,'com.xiaoji.system.controller.SysProfileController.updateProfile()','PUT',1,'admin',NULL,'/user/profile','127.0.0.1','','{\"roles\":[{\"flag\":false,\"roleId\":1,\"admin\":true,\"dataScope\":\"1\",\"params\":{},\"roleSort\":\"1\",\"deptCheckStrictly\":false,\"menuCheckStrictly\":false,\"roleKey\":\"admin\",\"roleName\":\"è¶…çº§ç®¡ç†å‘˜\",\"status\":\"0\"}],\"phonenumber\":\"15888888888\",\"admin\":true,\"loginDate\":1640401632000,\"remark\":\"ç®¡ç†å‘˜\",\"delFlag\":\"0\",\"loginIp\":\"127.0.0.1\",\"email\":\"xiaoji@163.com\",\"nickName\":\"å°æµæ™ºèƒ½\",\"sex\":\"1\",\"deptId\":103,\"avatar\":\"http://127.0.0.1:9300/statics/2021/12/25/9f3fec7d-d287-4856-bfb2-21fdd5f49643.jpeg\",\"dept\":{\"deptName\":\"ç ”å‘éƒ¨é—¨\",\"leader\":\"å°æµ\",\"deptId\":103,\"orderNum\":\"1\",\"params\":{},\"parentId\":101,\"children\":[],\"status\":\"0\"},\"params\":{},\"userName\":\"admin\",\"userId\":1,\"createBy\":\"admin\",\"createTime\":1640401632000,\"status\":\"0\"}','{\"msg\":\"æ“ä½œæˆåŠŸ\",\"code\":200}',0,NULL,'2021-12-26 06:13:41'),(143,'ä¸ªäººä¿¡æ¯',2,'com.xiaoji.system.controller.SysProfileController.updateProfile()','PUT',1,'admin',NULL,'/user/profile','127.0.0.1','','{\"roles\":[{\"flag\":false,\"roleId\":1,\"admin\":true,\"dataScope\":\"1\",\"params\":{},\"roleSort\":\"1\",\"deptCheckStrictly\":false,\"menuCheckStrictly\":false,\"roleKey\":\"admin\",\"roleName\":\"è¶…çº§ç®¡ç†å‘˜\",\"status\":\"0\"}],\"phonenumber\":\"15888888888\",\"admin\":true,\"loginDate\":1640401632000,\"remark\":\"ç®¡ç†å‘˜\",\"delFlag\":\"0\",\"loginIp\":\"127.0.0.1\",\"email\":\"xiaoji@163.com\",\"nickName\":\"å°æµæ™ºèƒ½\",\"sex\":\"1\",\"deptId\":103,\"avatar\":\"http://127.0.0.1:9300/statics/2021/12/25/9f3fec7d-d287-4856-bfb2-21fdd5f49643.jpeg\",\"dept\":{\"deptName\":\"ç ”å‘éƒ¨é—¨\",\"leader\":\"å°æµ\",\"deptId\":103,\"orderNum\":\"1\",\"params\":{},\"parentId\":101,\"children\":[],\"status\":\"0\"},\"params\":{},\"userName\":\"admin\",\"userId\":1,\"createBy\":\"admin\",\"createTime\":1640401632000,\"status\":\"0\"}','{\"msg\":\"æ“ä½œæˆåŠŸ\",\"code\":200}',0,NULL,'2021-12-26 06:13:43'),(144,'ç”¨æˆ·å¤´åƒ',2,'com.xiaoji.system.controller.SysProfileController.avatar()','POST',1,'admin',NULL,'/user/profile/avatar','127.0.0.1','','','{\"msg\":\"æ“ä½œæˆåŠŸ\",\"imgUrl\":\"http://127.0.0.1:9300/statics/2021/12/26/3dfd456c-145b-4ffe-8427-5a24e0061e12.jpeg\",\"code\":200}',0,NULL,'2021-12-26 06:15:29'),(145,'ç”¨æˆ·å¤´åƒ',2,'com.xiaoji.system.controller.SysProfileController.avatar()','POST',1,'admin',NULL,'/user/profile/avatar','127.0.0.1','','','{\"msg\":\"æ“ä½œæˆåŠŸ\",\"imgUrl\":\"http://127.0.0.1:9300/statics/2021/12/26/355b5f0d-886d-4ab7-bff5-bf581c481b23.jpeg\",\"code\":200}',0,NULL,'2021-12-26 06:25:08'),(146,'ç”¨æˆ·å¤´åƒ',2,'com.xiaoji.system.controller.SysProfileController.avatar()','POST',1,'admin',NULL,'/user/profile/avatar','127.0.0.1','','','{\"msg\":\"æ“ä½œæˆåŠŸ\",\"imgUrl\":\"http://127.0.0.1:9300/statics/2021/12/26/a1bceec2-f71d-45cc-abfe-57630d80cd7c.jpeg\",\"code\":200}',0,NULL,'2021-12-26 06:27:21'),(147,'ä¸ªäººä¿¡æ¯',2,'com.xiaoji.system.controller.SysProfileController.updateProfile()','PUT',1,'admin',NULL,'/user/profile','127.0.0.1','','{\"roles\":[{\"flag\":false,\"roleId\":1,\"admin\":true,\"dataScope\":\"1\",\"params\":{},\"roleSort\":\"1\",\"deptCheckStrictly\":false,\"menuCheckStrictly\":false,\"roleKey\":\"admin\",\"roleName\":\"è¶…çº§ç®¡ç†å‘˜\",\"status\":\"0\"}],\"phonenumber\":\"15888888888\",\"admin\":true,\"loginDate\":1640401632000,\"remark\":\"ç®¡ç†å‘˜\",\"delFlag\":\"0\",\"loginIp\":\"127.0.0.1\",\"email\":\"xiaoji@163.com\",\"nickName\":\"å°æµæ™ºèƒ½\",\"sex\":\"1\",\"deptId\":103,\"avatar\":\"http://127.0.0.1:9300/statics/2021/12/26/3dfd456c-145b-4ffe-8427-5a24e0061e12.jpeg\",\"dept\":{\"deptName\":\"ç ”å‘éƒ¨é—¨\",\"leader\":\"å°æµ\",\"deptId\":103,\"orderNum\":\"1\",\"params\":{},\"parentId\":101,\"children\":[],\"status\":\"0\"},\"params\":{},\"userName\":\"admin\",\"userId\":1,\"createBy\":\"admin\",\"createTime\":1640401632000,\"status\":\"0\"}','{\"msg\":\"æ“ä½œæˆåŠŸ\",\"code\":200}',0,NULL,'2021-12-26 06:27:24'),(148,'ç”¨æˆ·å¤´åƒ',2,'com.xiaoji.system.controller.SysProfileController.avatar()','POST',1,'admin',NULL,'/user/profile/avatar','127.0.0.1','','','{\"msg\":\"æ“ä½œæˆåŠŸ\",\"imgUrl\":\"http://127.0.0.1:9300/statics/2021/12/26/e94a60db-2a69-4803-ba10-69d85e008778.jpeg\",\"code\":200}',0,NULL,'2021-12-26 06:39:04'),(149,'ç”¨æˆ·å¤´åƒ',2,'com.xiaoji.system.controller.SysProfileController.avatar()','POST',1,'admin',NULL,'/user/profile/avatar','127.0.0.1','','','{\"msg\":\"æ“ä½œæˆåŠŸ\",\"imgUrl\":\"http://127.0.0.1:9300/statics/2021/12/26/0a686730-b3b6-40ed-9516-034108f3b4b0.jpeg\",\"code\":200}',0,NULL,'2021-12-26 06:41:40'),(150,'èœå•ç®¡ç†',1,'com.xiaoji.system.controller.SysMenuController.add()','POST',1,'admin',NULL,'/menu','127.0.0.1','','{\"visible\":\"0\",\"icon\":\"button\",\"orderNum\":\"6\",\"menuName\":\"MinIOæ–‡ä»¶æœåŠ¡\",\"params\":{},\"parentId\":2,\"isCache\":\"0\",\"path\":\"http://121.36.229.15:9001/dashboard\",\"createBy\":\"admin\",\"children\":[],\"isFrame\":\"0\",\"menuType\":\"M\",\"status\":\"0\"}','{\"msg\":\"æ“ä½œæˆåŠŸ\",\"code\":200}',0,NULL,'2021-12-26 06:47:46'),(151,'èœå•ç®¡ç†',2,'com.xiaoji.system.controller.SysMenuController.edit()','PUT',1,'admin',NULL,'/menu','127.0.0.1','','{\"visible\":\"0\",\"icon\":\"button\",\"orderNum\":\"6\",\"menuName\":\"MinIOæ§åˆ¶å°\",\"params\":{},\"parentId\":2,\"isCache\":\"0\",\"path\":\"http://121.36.229.15:9001/dashboard\",\"children\":[],\"createTime\":1640472466000,\"updateBy\":\"admin\",\"isFrame\":\"0\",\"menuId\":2001,\"menuType\":\"M\",\"perms\":\"\",\"status\":\"0\"}','{\"msg\":\"æ“ä½œæˆåŠŸ\",\"code\":200}',0,NULL,'2021-12-26 06:48:37'),(152,'èœå•ç®¡ç†',2,'com.xiaoji.system.controller.SysMenuController.edit()','PUT',1,'admin',NULL,'/menu','127.0.0.1','','{\"visible\":\"0\",\"query\":\"\",\"icon\":\"nacos\",\"orderNum\":\"4\",\"menuName\":\"Nacosæ§åˆ¶å°\",\"params\":{},\"parentId\":2,\"isCache\":\"0\",\"path\":\"http://121.36.229.15:8848/nacos\",\"component\":\"\",\"children\":[],\"createTime\":1640026020000,\"updateBy\":\"admin\",\"isFrame\":\"0\",\"menuId\":112,\"menuType\":\"C\",\"perms\":\"monitor:nacos:list\",\"status\":\"0\"}','{\"msg\":\"æ“ä½œæˆåŠŸ\",\"code\":200}',0,NULL,'2021-12-26 06:50:06'),(153,'èœå•ç®¡ç†',2,'com.xiaoji.system.controller.SysMenuController.edit()','PUT',1,'admin',NULL,'/menu','127.0.0.1','','{\"visible\":\"0\",\"query\":\"\",\"icon\":\"dict\",\"orderNum\":\"2\",\"menuName\":\"è®¾å¤‡åˆ—è¡¨\",\"params\":{},\"parentId\":5,\"isCache\":\"0\",\"path\":\"device\",\"component\":\"iot/device/index\",\"children\":[],\"createTime\":1640224379000,\"updateBy\":\"admin\",\"isFrame\":\"1\",\"menuId\":118,\"menuType\":\"C\",\"perms\":\"device:table:list\",\"status\":\"0\"}','{\"msg\":\"æ“ä½œæˆåŠŸ\",\"code\":200}',0,NULL,'2021-12-27 04:50:22'),(154,'èœå•ç®¡ç†',2,'com.xiaoji.system.controller.SysMenuController.edit()','PUT',1,'admin',NULL,'/menu','127.0.0.1','','{\"visible\":\"0\",\"query\":\"\",\"icon\":\"#\",\"orderNum\":\"1\",\"menuName\":\"è®¾å¤‡æŸ¥è¯¢\",\"params\":{},\"parentId\":118,\"isCache\":\"0\",\"path\":\"\",\"component\":\"\",\"children\":[],\"createTime\":1640224379000,\"updateBy\":\"admin\",\"isFrame\":\"1\",\"menuId\":1066,\"menuType\":\"F\",\"perms\":\"device:table:query\",\"status\":\"0\"}','{\"msg\":\"æ“ä½œæˆåŠŸ\",\"code\":200}',0,NULL,'2021-12-27 04:50:40'),(155,'èœå•ç®¡ç†',2,'com.xiaoji.system.controller.SysMenuController.edit()','PUT',1,'admin',NULL,'/menu','127.0.0.1','','{\"visible\":\"0\",\"query\":\"\",\"icon\":\"#\",\"orderNum\":\"2\",\"menuName\":\"è®¾å¤‡æ–°å¢\",\"params\":{},\"parentId\":118,\"isCache\":\"0\",\"path\":\"\",\"component\":\"\",\"children\":[],\"createTime\":1640224379000,\"updateBy\":\"admin\",\"isFrame\":\"1\",\"menuId\":1067,\"menuType\":\"F\",\"perms\":\"device:table:add\",\"status\":\"0\"}','{\"msg\":\"æ“ä½œæˆåŠŸ\",\"code\":200}',0,NULL,'2021-12-27 04:50:57'),(156,'èœå•ç®¡ç†',2,'com.xiaoji.system.controller.SysMenuController.edit()','PUT',1,'admin',NULL,'/menu','127.0.0.1','','{\"visible\":\"0\",\"query\":\"\",\"icon\":\"#\",\"orderNum\":\"3\",\"menuName\":\"è®¾å¤‡ä¿®æ”¹\",\"params\":{},\"parentId\":118,\"isCache\":\"0\",\"path\":\"\",\"component\":\"\",\"children\":[],\"createTime\":1640224379000,\"updateBy\":\"admin\",\"isFrame\":\"1\",\"menuId\":1068,\"menuType\":\"F\",\"perms\":\"device:table:edit\",\"status\":\"0\"}','{\"msg\":\"æ“ä½œæˆåŠŸ\",\"code\":200}',0,NULL,'2021-12-27 04:51:12'),(157,'èœå•ç®¡ç†',2,'com.xiaoji.system.controller.SysMenuController.edit()','PUT',1,'admin',NULL,'/menu','127.0.0.1','','{\"visible\":\"0\",\"query\":\"\",\"icon\":\"#\",\"orderNum\":\"4\",\"menuName\":\"è®¾å¤‡åˆ é™¤\",\"params\":{},\"parentId\":118,\"isCache\":\"0\",\"path\":\"\",\"component\":\"\",\"children\":[],\"createTime\":1640224379000,\"updateBy\":\"admin\",\"isFrame\":\"1\",\"menuId\":1069,\"menuType\":\"F\",\"perms\":\"device:table:remove\",\"status\":\"0\"}','{\"msg\":\"æ“ä½œæˆåŠŸ\",\"code\":200}',0,NULL,'2021-12-27 04:51:26'),(158,'èœå•ç®¡ç†',2,'com.xiaoji.system.controller.SysMenuController.edit()','PUT',1,'admin',NULL,'/menu','127.0.0.1','','{\"visible\":\"0\",\"query\":\"\",\"icon\":\"#\",\"orderNum\":\"5\",\"menuName\":\"è®¾å¤‡å¯¼å‡º\",\"params\":{},\"parentId\":118,\"isCache\":\"0\",\"path\":\"\",\"component\":\"\",\"children\":[],\"createTime\":1640224379000,\"updateBy\":\"admin\",\"isFrame\":\"1\",\"menuId\":1070,\"menuType\":\"F\",\"perms\":\"device:table:export\",\"status\":\"0\"}','{\"msg\":\"æ“ä½œæˆåŠŸ\",\"code\":200}',0,NULL,'2021-12-27 04:51:39'),(159,'ç”¨æˆ·å¤´åƒ',2,'com.xiaoji.system.controller.SysProfileController.avatar()','POST',1,'admin',NULL,'/user/profile/avatar','127.0.0.1','','','{\"msg\":\"æ–‡ä»¶æœåŠ¡å¼‚å¸¸ï¼Œè¯·è”ç³»ç®¡ç†å‘˜\",\"code\":500}',0,NULL,'2021-12-29 08:53:26'),(160,'ç”¨æˆ·å¤´åƒ',2,'com.xiaoji.system.controller.SysProfileController.avatar()','POST',1,'admin',NULL,'/user/profile/avatar','10.130.59.49','','','{\"msg\":\"æ–‡ä»¶æœåŠ¡å¼‚å¸¸ï¼Œè¯·è”ç³»ç®¡ç†å‘˜\",\"code\":500}',0,NULL,'2021-12-29 09:34:55'),(161,'èœå•ç®¡ç†',2,'com.xiaoji.system.controller.SysMenuController.edit()','PUT',1,'admin',NULL,'/menu','10.130.59.49','','{\"visible\":\"0\",\"query\":\"\",\"icon\":\"sentinel\",\"orderNum\":\"3\",\"menuName\":\"Sentinelæ§åˆ¶å°\",\"params\":{},\"parentId\":2,\"isCache\":\"0\",\"path\":\"http://139.198.167.224:31267\",\"component\":\"\",\"children\":[],\"createTime\":1640026020000,\"updateBy\":\"admin\",\"isFrame\":\"0\",\"menuId\":111,\"menuType\":\"C\",\"perms\":\"monitor:sentinel:list\",\"status\":\"0\"}','{\"msg\":\"æ“ä½œæˆåŠŸ\",\"code\":200}',0,NULL,'2021-12-29 12:54:42'),(162,'èœå•ç®¡ç†',2,'com.xiaoji.system.controller.SysMenuController.edit()','PUT',1,'admin',NULL,'/menu','10.130.59.49','','{\"visible\":\"0\",\"query\":\"\",\"icon\":\"nacos\",\"orderNum\":\"4\",\"menuName\":\"Nacosæ§åˆ¶å°\",\"params\":{},\"parentId\":2,\"isCache\":\"0\",\"path\":\"http://121.36.229.15:8848/nacos\",\"component\":\"\",\"children\":[],\"createTime\":1640026020000,\"updateBy\":\"admin\",\"isFrame\":\"0\",\"menuId\":112,\"menuType\":\"C\",\"perms\":\"monitor:nacos:list\",\"status\":\"0\"}','{\"msg\":\"æ“ä½œæˆåŠŸ\",\"code\":200}',0,NULL,'2021-12-29 17:04:23'),(163,'èœå•ç®¡ç†',2,'com.xiaoji.system.controller.SysMenuController.edit()','PUT',1,'admin',NULL,'/menu','10.130.59.49','','{\"visible\":\"0\",\"query\":\"\",\"icon\":\"server\",\"orderNum\":\"5\",\"menuName\":\"Adminæ§åˆ¶å°\",\"params\":{},\"parentId\":2,\"isCache\":\"0\",\"path\":\"http://:9100/login\",\"component\":\"\",\"children\":[],\"createTime\":1640026020000,\"updateBy\":\"admin\",\"isFrame\":\"0\",\"menuId\":113,\"menuType\":\"C\",\"perms\":\"monitor:server:list\",\"status\":\"0\"}','{\"msg\":\"æ“ä½œæˆåŠŸ\",\"code\":200}',0,NULL,'2021-12-29 17:04:48'),(164,'ç”¨æˆ·å¤´åƒ',2,'com.xiaoji.system.controller.SysProfileController.avatar()','POST',1,'admin',NULL,'/user/profile/avatar','10.130.59.49','','','{\"msg\":\"æ–‡ä»¶æœåŠ¡å¼‚å¸¸ï¼Œè¯·è”ç³»ç®¡ç†å‘˜\",\"code\":500}',0,NULL,'2021-12-29 17:05:52'),(165,'ç”¨æˆ·å¤´åƒ',2,'com.xiaoji.system.controller.SysProfileController.avatar()','POST',1,'admin',NULL,'/user/profile/avatar','10.130.59.49','','','{\"msg\":\"æ–‡ä»¶æœåŠ¡å¼‚å¸¸ï¼Œè¯·è”ç³»ç®¡ç†å‘˜\",\"code\":500}',0,NULL,'2021-12-29 17:07:04'),(166,'ç”¨æˆ·å¤´åƒ',2,'com.xiaoji.system.controller.SysProfileController.avatar()','POST',1,'admin',NULL,'/user/profile/avatar','10.130.59.49','','','{\"msg\":\"æ–‡ä»¶æœåŠ¡å¼‚å¸¸ï¼Œè¯·è”ç³»ç®¡ç†å‘˜\",\"code\":500}',0,NULL,'2021-12-29 17:07:05'),(167,'ç”¨æˆ·å¤´åƒ',2,'com.xiaoji.system.controller.SysProfileController.avatar()','POST',1,'admin',NULL,'/user/profile/avatar','10.130.59.49','','','{\"msg\":\"æ–‡ä»¶æœåŠ¡å¼‚å¸¸ï¼Œè¯·è”ç³»ç®¡ç†å‘˜\",\"code\":500}',0,NULL,'2021-12-29 17:07:16'),(168,'ç”¨æˆ·å¤´åƒ',2,'com.xiaoji.system.controller.SysProfileController.avatar()','POST',1,'admin',NULL,'/user/profile/avatar','10.130.59.49','','','{\"msg\":\"æ–‡ä»¶æœåŠ¡å¼‚å¸¸ï¼Œè¯·è”ç³»ç®¡ç†å‘˜\",\"code\":500}',0,NULL,'2021-12-29 17:07:18'),(169,'ç”¨æˆ·å¤´åƒ',2,'com.xiaoji.system.controller.SysProfileController.avatar()','POST',1,'admin',NULL,'/user/profile/avatar','10.130.59.49','','','{\"msg\":\"æ–‡ä»¶æœåŠ¡å¼‚å¸¸ï¼Œè¯·è”ç³»ç®¡ç†å‘˜\",\"code\":500}',0,NULL,'2021-12-29 17:07:18'),(170,'ç”¨æˆ·å¤´åƒ',2,'com.xiaoji.system.controller.SysProfileController.avatar()','POST',1,'admin',NULL,'/user/profile/avatar','10.130.59.49','','','{\"msg\":\"æ–‡ä»¶æœåŠ¡å¼‚å¸¸ï¼Œè¯·è”ç³»ç®¡ç†å‘˜\",\"code\":500}',0,NULL,'2021-12-29 17:07:20'),(171,'ç”¨æˆ·å¤´åƒ',2,'com.xiaoji.system.controller.SysProfileController.avatar()','POST',1,'admin',NULL,'/user/profile/avatar','10.130.59.49','','','{\"msg\":\"æ–‡ä»¶æœåŠ¡å¼‚å¸¸ï¼Œè¯·è”ç³»ç®¡ç†å‘˜\",\"code\":500}',0,NULL,'2021-12-29 17:09:21'),(172,'ç”¨æˆ·å¤´åƒ',2,'com.xiaoji.system.controller.SysProfileController.avatar()','POST',1,'admin',NULL,'/user/profile/avatar','10.130.59.49','','','{\"msg\":\"æ–‡ä»¶æœåŠ¡å¼‚å¸¸ï¼Œè¯·è”ç³»ç®¡ç†å‘˜\",\"code\":500}',0,NULL,'2021-12-29 17:09:21'),(173,'ç”¨æˆ·å¤´åƒ',2,'com.xiaoji.system.controller.SysProfileController.avatar()','POST',1,'admin',NULL,'/user/profile/avatar','10.130.59.49','','','{\"msg\":\"æ–‡ä»¶æœåŠ¡å¼‚å¸¸ï¼Œè¯·è”ç³»ç®¡ç†å‘˜\",\"code\":500}',0,NULL,'2021-12-29 17:09:38'),(174,'é€šçŸ¥å…¬å‘Š',2,'com.xiaoji.system.controller.SysNoticeController.edit()','PUT',1,'admin',NULL,'/notice','10.130.59.49','','{\"noticeContent\":\"æ–°ç‰ˆæœ¬å†…å®¹\",\"createBy\":\"admin\",\"createTime\":1640026025000,\"updateBy\":\"admin\",\"noticeType\":\"2\",\"remark\":\"ç®¡ç†å‘˜\",\"params\":{},\"noticeId\":1,\"noticeTitle\":\"æ¸©é¦¨æé†’ï¼š2021-12-30 å°æµç§‘æŠ€ä¸Šå¸‚äº†å•¦\",\"status\":\"0\"}','{\"msg\":\"æ“ä½œæˆåŠŸ\",\"code\":200}',0,NULL,'2021-12-29 17:42:19'),(175,'é€šçŸ¥å…¬å‘Š',2,'com.xiaoji.system.controller.SysNoticeController.edit()','PUT',1,'admin',NULL,'/notice','10.130.59.49','','{\"noticeContent\":\"<p>ç»´æŠ¤å†…å®¹</p>\",\"createBy\":\"admin\",\"createTime\":1640026025000,\"updateBy\":\"admin\",\"noticeType\":\"1\",\"remark\":\"ç®¡ç†å‘˜\",\"params\":{},\"noticeId\":2,\"noticeTitle\":\"ç»´æŠ¤é€šçŸ¥ï¼š2021-12-30 å°æµç³»ç»Ÿå‡Œæ™¨ç»´æŠ¤\",\"status\":\"0\"}','{\"msg\":\"æ“ä½œæˆåŠŸ\",\"code\":200}',0,NULL,'2021-12-29 17:42:41'),(176,'è®¾å¤‡',2,'com.xiaoji.device.controller.IotDeviceController.edit()','PUT',1,'admin',NULL,'/device','10.130.59.49','','{\"deviceTemp\":36.52,\"remark\":\"å°æµç©ºè°ƒå°±æ˜¯å¥½ï¼\",\"updateTime\":1640834550067,\"ownerId\":\"1\",\"params\":{},\"categoryName\":\"æ™ºèƒ½ç¯\",\"deviceId\":1,\"deviceName\":\"å°æµç©ºè°ƒ\",\"deviceNum\":\"7CDFA1049ADA\",\"createBy\":\"\",\"createTime\":1621751198000,\"updateBy\":\"\",\"firmwareVersion\":\"1.0\",\"categoryId\":5,\"status\":\"æœªæ¿€æ´»\"}','{\"msg\":\"æ“ä½œæˆåŠŸ\",\"code\":200}',0,NULL,'2021-12-30 03:22:31'),(177,'è®¾å¤‡',2,'com.xiaoji.device.controller.IotDeviceController.edit()','PUT',1,'admin',NULL,'/device','10.130.59.49','','{\"deviceTemp\":36.52,\"remark\":\"å°æµç©ºè°ƒå°±æ˜¯å¥½ï¼\",\"updateTime\":1640834552059,\"ownerId\":\"1\",\"params\":{},\"categoryName\":\"æ™ºèƒ½ç¯\",\"deviceId\":1,\"deviceName\":\"å°æµç©ºè°ƒ\",\"deviceNum\":\"7CDFA1049ADA\",\"createBy\":\"\",\"createTime\":1621751198000,\"updateBy\":\"\",\"firmwareVersion\":\"1.0\",\"categoryId\":5,\"status\":\"æœªæ¿€æ´»\"}','{\"msg\":\"æ“ä½œæˆåŠŸ\",\"code\":200}',0,NULL,'2021-12-30 03:22:32'),(178,'è®¾å¤‡',2,'com.xiaoji.device.controller.IotDeviceController.edit()','PUT',1,'admin',NULL,'/device','10.130.59.49','','{\"deviceTemp\":36.52,\"remark\":\"å°æµç©ºè°ƒå°±æ˜¯å¥½ï¼\",\"updateTime\":1640834554364,\"ownerId\":\"1\",\"params\":{},\"categoryName\":\"æ™ºèƒ½ç¯\",\"deviceId\":1,\"deviceName\":\"å°æµç©ºè°ƒ\",\"deviceNum\":\"7CDFA1049ADA\",\"createBy\":\"\",\"createTime\":1621751198000,\"updateBy\":\"\",\"firmwareVersion\":\"1.0\",\"categoryId\":5,\"status\":\"æœªæ¿€æ´»\"}','{\"msg\":\"æ“ä½œæˆåŠŸ\",\"code\":200}',0,NULL,'2021-12-30 03:22:34'),(179,'è®¾å¤‡',2,'com.xiaoji.device.controller.IotDeviceController.edit()','PUT',1,'admin',NULL,'/device','10.130.59.49','','{\"deviceTemp\":36.52,\"remark\":\"å°æµç©ºè°ƒå°±æ˜¯å¥½ï¼\",\"updateTime\":1640834555806,\"ownerId\":\"1\",\"params\":{},\"categoryName\":\"æ™ºèƒ½ç¯\",\"deviceId\":1,\"deviceName\":\"å°æµç©ºè°ƒ\",\"deviceNum\":\"7CDFA1049ADA\",\"createBy\":\"\",\"createTime\":1621751198000,\"updateBy\":\"\",\"firmwareVersion\":\"1.0\",\"categoryId\":5,\"status\":\"æœªæ¿€æ´»\"}','{\"msg\":\"æ“ä½œæˆåŠŸ\",\"code\":200}',0,NULL,'2021-12-30 03:22:35'),(180,'è®¾å¤‡',2,'com.xiaoji.device.controller.IotDeviceController.edit()','PUT',1,'admin',NULL,'/device','10.130.59.49','','{\"deviceTemp\":36.52,\"remark\":\"å°æµç©ºè°ƒå°±æ˜¯å¥½ï¼\",\"updateTime\":1640834556025,\"ownerId\":\"1\",\"params\":{},\"categoryName\":\"æ™ºèƒ½ç¯\",\"deviceId\":1,\"deviceName\":\"å°æµç©ºè°ƒ\",\"deviceNum\":\"7CDFA1049ADA\",\"createBy\":\"\",\"createTime\":1621751198000,\"updateBy\":\"\",\"firmwareVersion\":\"1.0\",\"categoryId\":5,\"status\":\"æœªæ¿€æ´»\"}','{\"msg\":\"æ“ä½œæˆåŠŸ\",\"code\":200}',0,NULL,'2021-12-30 03:22:36'),(181,'è®¾å¤‡',2,'com.xiaoji.device.controller.IotDeviceController.edit()','PUT',1,'admin',NULL,'/device','10.130.59.49','','{\"deviceTemp\":36.52,\"remark\":\"å°æµç©ºè°ƒå°±æ˜¯å¥½ï¼\",\"updateTime\":1640834558746,\"ownerId\":\"1\",\"params\":{},\"categoryName\":\"æ™ºèƒ½ç¯\",\"deviceId\":1,\"deviceName\":\"å°æµç©ºè°ƒ\",\"deviceNum\":\"7CDFA1049ADA\",\"createBy\":\"\",\"createTime\":1621751198000,\"updateBy\":\"\",\"firmwareVersion\":\"1.0\",\"categoryId\":5,\"status\":\"æœªæ¿€æ´»\"}','{\"msg\":\"æ“ä½œæˆåŠŸ\",\"code\":200}',0,NULL,'2021-12-30 03:22:39'),(182,'è®¾å¤‡',2,'com.xiaoji.device.controller.IotDeviceController.edit()','PUT',1,'admin',NULL,'/device','10.130.59.49','','{\"deviceTemp\":36.52,\"remark\":\"å°æµç©ºè°ƒå°±æ˜¯å¥½ï¼\",\"updateTime\":1640834558882,\"ownerId\":\"1\",\"params\":{},\"categoryName\":\"æ™ºèƒ½ç¯\",\"deviceId\":1,\"deviceName\":\"å°æµç©ºè°ƒ\",\"deviceNum\":\"7CDFA1049ADA\",\"createBy\":\"\",\"createTime\":1621751198000,\"updateBy\":\"\",\"firmwareVersion\":\"1.0\",\"categoryId\":5,\"status\":\"æœªæ¿€æ´»\"}','{\"msg\":\"æ“ä½œæˆåŠŸ\",\"code\":200}',0,NULL,'2021-12-30 03:22:39'),(183,'è®¾å¤‡',2,'com.xiaoji.device.controller.IotDeviceController.edit()','PUT',1,'admin',NULL,'/device','10.130.59.49','','{\"deviceTemp\":36.52,\"remark\":\"å°æµç©ºè°ƒå°±æ˜¯å¥½ï¼\",\"updateTime\":1640834559052,\"ownerId\":\"1\",\"params\":{},\"categoryName\":\"æ™ºèƒ½ç¯\",\"deviceId\":1,\"deviceName\":\"å°æµç©ºè°ƒ\",\"deviceNum\":\"7CDFA1049ADA\",\"createBy\":\"\",\"createTime\":1621751198000,\"updateBy\":\"\",\"firmwareVersion\":\"1.0\",\"categoryId\":5,\"status\":\"æœªæ¿€æ´»\"}','{\"msg\":\"æ“ä½œæˆåŠŸ\",\"code\":200}',0,NULL,'2021-12-30 03:22:39'),(184,'è®¾å¤‡',2,'com.xiaoji.device.controller.IotDeviceController.edit()','PUT',1,'admin',NULL,'/device','10.130.59.49','','{\"deviceTemp\":36.52,\"remark\":\"å°æµç©ºè°ƒå°±æ˜¯å¥½ï¼\",\"updateTime\":1640834559571,\"ownerId\":\"1\",\"params\":{},\"categoryName\":\"æ™ºèƒ½ç¯\",\"deviceId\":1,\"deviceName\":\"å°æµç©ºè°ƒ\",\"deviceNum\":\"7CDFA1049ADA\",\"createBy\":\"\",\"createTime\":1621751198000,\"updateBy\":\"\",\"firmwareVersion\":\"1.0\",\"categoryId\":5,\"status\":\"æœªæ¿€æ´»\"}','{\"msg\":\"æ“ä½œæˆåŠŸ\",\"code\":200}',0,NULL,'2021-12-30 03:22:39'),(185,'è®¾å¤‡',2,'com.xiaoji.device.controller.IotDeviceController.edit()','PUT',1,'admin',NULL,'/device','10.130.59.49','','{\"deviceTemp\":36.52,\"remark\":\"å°æµç©ºè°ƒå°±æ˜¯å¥½ï¼\",\"updateTime\":1640834559755,\"ownerId\":\"1\",\"params\":{},\"categoryName\":\"æ™ºèƒ½ç¯\",\"deviceId\":1,\"deviceName\":\"å°æµç©ºè°ƒ\",\"deviceNum\":\"7CDFA1049ADA\",\"createBy\":\"\",\"createTime\":1621751198000,\"updateBy\":\"\",\"firmwareVersion\":\"1.0\",\"categoryId\":5,\"status\":\"æœªæ¿€æ´»\"}','{\"msg\":\"æ“ä½œæˆåŠŸ\",\"code\":200}',0,NULL,'2021-12-30 03:22:39'),(186,'è®¾å¤‡',2,'com.xiaoji.device.controller.IotDeviceController.edit()','PUT',1,'admin',NULL,'/device','10.130.59.49','','{\"deviceTemp\":36.52,\"remark\":\"å°æµç©ºè°ƒå°±æ˜¯å¥½ï¼\",\"updateTime\":1640834559913,\"ownerId\":\"1\",\"params\":{},\"categoryName\":\"æ™ºèƒ½ç¯\",\"deviceId\":1,\"deviceName\":\"å°æµç©ºè°ƒ\",\"deviceNum\":\"7CDFA1049ADA\",\"createBy\":\"\",\"createTime\":1621751198000,\"updateBy\":\"\",\"firmwareVersion\":\"1.0\",\"categoryId\":5,\"status\":\"æœªæ¿€æ´»\"}','{\"msg\":\"æ“ä½œæˆåŠŸ\",\"code\":200}',0,NULL,'2021-12-30 03:22:40'),(187,'è®¾å¤‡',2,'com.xiaoji.device.controller.IotDeviceController.edit()','PUT',1,'admin',NULL,'/device','10.130.59.49','','{\"deviceTemp\":36.52,\"remark\":\"å°æµç©ºè°ƒå°±æ˜¯å¥½ï¼\",\"updateTime\":1640834558383,\"ownerId\":\"1\",\"params\":{},\"categoryName\":\"æ™ºèƒ½ç¯\",\"deviceId\":1,\"deviceName\":\"å°æµç©ºè°ƒ\",\"deviceNum\":\"7CDFA1049ADA\",\"createBy\":\"\",\"createTime\":1621751198000,\"updateBy\":\"\",\"firmwareVersion\":\"1.0\",\"categoryId\":5,\"status\":\"æœªæ¿€æ´»\"}','{\"msg\":\"æ“ä½œæˆåŠŸ\",\"code\":200}',0,NULL,'2021-12-30 03:22:40'),(188,'è®¾å¤‡',2,'com.xiaoji.device.controller.IotDeviceController.edit()','PUT',1,'admin',NULL,'/device','10.130.59.49','','{\"deviceTemp\":36.52,\"remark\":\"å°æµç©ºè°ƒå°±æ˜¯å¥½ï¼\",\"updateTime\":1640834564829,\"ownerId\":\"1\",\"params\":{},\"categoryName\":\"æ™ºèƒ½ç¯\",\"deviceId\":1,\"deviceName\":\"å°æµç©ºè°ƒ\",\"deviceNum\":\"7CDFA1049ADA\",\"createBy\":\"\",\"createTime\":1621751198000,\"updateBy\":\"\",\"firmwareVersion\":\"1.0\",\"categoryId\":5,\"status\":\"æœªæ¿€æ´»\"}','{\"msg\":\"æ“ä½œæˆåŠŸ\",\"code\":200}',0,NULL,'2021-12-30 03:22:44'),(189,'è®¾å¤‡',2,'com.xiaoji.device.controller.IotDeviceController.edit()','PUT',1,'admin',NULL,'/device','10.130.59.49','','{\"deviceTemp\":36.52,\"remark\":\"å°æµç©ºè°ƒå°±æ˜¯å¥½ï¼\",\"updateTime\":1640834564832,\"ownerId\":\"1\",\"params\":{},\"categoryName\":\"æ™ºèƒ½ç¯\",\"deviceId\":1,\"deviceName\":\"å°æµç©ºè°ƒ\",\"deviceNum\":\"7CDFA1049ADA\",\"createBy\":\"\",\"createTime\":1621751198000,\"updateBy\":\"\",\"firmwareVersion\":\"1.0\",\"categoryId\":5,\"status\":\"æœªæ¿€æ´»\"}','{\"msg\":\"æ“ä½œæˆåŠŸ\",\"code\":200}',0,NULL,'2021-12-30 03:22:45'),(190,'è®¾å¤‡çŠ¶æ€',1,'com.xiaoji.device.controller.IotDeviceStatusController.add()','POST',1,'admin',NULL,'/status','127.0.0.1','','{\"lightMode\":2,\"isOnline\":1,\"lightStatus\":1,\"deviceId\":1,\"deviceNum\":\"2\",\"red\":1,\"airHumidity\":34,\"triggerSource\":2,\"lightInterval\":212,\"rssi\":1,\"deviceTemperature\":34,\"relayStatus\":1,\"fadeTime\":23,\"params\":{},\"airTemperature\":12,\"brightness\":12,\"createTime\":1640840092410,\"deviceStatusId\":2879}','{\"msg\":\"æ“ä½œæˆåŠŸ\",\"code\":200}',0,NULL,'2021-12-30 04:54:53'),(191,'è§’è‰²ç®¡ç†',2,'com.xiaoji.system.controller.SysRoleController.edit()','PUT',1,'admin',NULL,'/role','10.130.59.49','','{\"flag\":false,\"roleId\":101,\"admin\":false,\"dataScope\":\"1\",\"delFlag\":\"0\",\"params\":{},\"roleSort\":\"3\",\"deptCheckStrictly\":true,\"createTime\":1629970012000,\"updateBy\":\"admin\",\"menuCheckStrictly\":true,\"roleKey\":\"mp\",\"roleName\":\"å°ç¨‹åºç”¨æˆ·\",\"menuIds\":[5,117,1061,1062,1063,1064,1065,118,1066,1067,1068,1069,1070,121,1081,1082,1083,1084,1085,119,1071,1072,1073,1074,1075,120,1076,1077,1078,1079,1080,122,4],\"status\":\"0\"}','{\"msg\":\"æ“ä½œæˆåŠŸ\",\"code\":200}',0,NULL,'2021-12-30 08:00:04'),(192,'ç”¨æˆ·ç®¡ç†',1,'com.xiaoji.system.controller.SysUserController.add()','POST',1,'admin',NULL,'/user','10.130.59.49','','{\"admin\":false,\"password\":\"$2a$10$xTBQ5VOuca4yOCCK5vVSzuQho.C7cnZg5jwADn86wQNOv7Q9YO0fi\",\"postIds\":[],\"nickName\":\"weixin\",\"params\":{},\"userName\":\"weixin\",\"userId\":117,\"createBy\":\"admin\",\"roleIds\":[101],\"status\":\"0\"}','{\"msg\":\"æ“ä½œæˆåŠŸ\",\"code\":200}',0,NULL,'2021-12-30 08:01:11'),(193,'èœå•ç®¡ç†',2,'com.xiaoji.system.controller.SysMenuController.edit()','PUT',1,'admin',NULL,'/menu','10.130.59.49','','{\"visible\":\"0\",\"query\":\"\",\"icon\":\"nacos\",\"orderNum\":\"4\",\"menuName\":\"Nacosæ§åˆ¶å°\",\"params\":{},\"parentId\":2,\"isCache\":\"0\",\"path\":\"http://139.198.167.224:30225/nacos/#/configurationManagement?dataId=&group=&appName=&namespace=&pageSize=&pageNo=\",\"component\":\"\",\"children\":[],\"createTime\":1640026020000,\"updateBy\":\"admin\",\"isFrame\":\"0\",\"menuId\":112,\"menuType\":\"C\",\"perms\":\"monitor:nacos:list\",\"status\":\"0\"}','{\"msg\":\"æ“ä½œæˆåŠŸ\",\"code\":200}',0,NULL,'2021-12-30 08:05:20'),(194,'èœå•ç®¡ç†',1,'com.xiaoji.system.controller.SysMenuController.add()','POST',1,'admin',NULL,'/menu','10.130.59.49','','{\"visible\":\"0\",\"icon\":\"cascader\",\"orderNum\":\"4\",\"menuName\":\"é•œåƒä»“åº“\",\"params\":{},\"parentId\":3,\"isCache\":\"0\",\"path\":\"https://cr.console.aliyun.com/cn-shanghai/instance/repositories\",\"createBy\":\"admin\",\"children\":[],\"isFrame\":\"1\",\"menuType\":\"M\",\"status\":\"0\"}','{\"msg\":\"æ“ä½œæˆåŠŸ\",\"code\":200}',0,NULL,'2021-12-30 08:10:48'),(195,'èœå•ç®¡ç†',2,'com.xiaoji.system.controller.SysMenuController.edit()','PUT',1,'admin',NULL,'/menu','10.130.59.49','','{\"visible\":\"0\",\"icon\":\"cascader\",\"orderNum\":\"4\",\"menuName\":\"é•œåƒä»“åº“\",\"params\":{},\"parentId\":3,\"isCache\":\"0\",\"path\":\"https://cr.console.aliyun.com/cn-shanghai/instance/repositories\",\"children\":[],\"createTime\":1640823048000,\"updateBy\":\"admin\",\"isFrame\":\"0\",\"menuId\":2002,\"menuType\":\"M\",\"perms\":\"\",\"status\":\"0\"}','{\"msg\":\"æ“ä½œæˆåŠŸ\",\"code\":200}',0,NULL,'2021-12-30 08:11:18'),(196,'èœå•ç®¡ç†',3,'com.xiaoji.system.controller.SysMenuController.remove()','DELETE',1,'admin',NULL,'/menu/2002','10.130.59.49','',NULL,'{\"msg\":\"æ“ä½œæˆåŠŸ\",\"code\":200}',0,NULL,'2021-12-30 08:12:29'),(197,'èœå•ç®¡ç†',1,'com.xiaoji.system.controller.SysMenuController.add()','POST',1,'admin',NULL,'/menu','10.130.59.49','','{\"visible\":\"0\",\"icon\":\"chart\",\"orderNum\":\"5\",\"menuName\":\"DevOps\",\"params\":{},\"parentId\":0,\"isCache\":\"0\",\"path\":\"devops\",\"createBy\":\"admin\",\"children\":[],\"isFrame\":\"1\",\"menuType\":\"M\",\"status\":\"0\"}','{\"msg\":\"æ“ä½œæˆåŠŸ\",\"code\":200}',0,NULL,'2021-12-30 08:15:30'),(198,'èœå•ç®¡ç†',2,'com.xiaoji.system.controller.SysMenuController.edit()','PUT',1,'admin',NULL,'/menu','10.130.59.49','','{\"visible\":\"0\",\"query\":\"\",\"icon\":\"guide\",\"orderNum\":\"5\",\"menuName\":\"å°æµæ™ºèƒ½å®˜ç½‘\",\"params\":{},\"parentId\":0,\"isCache\":\"0\",\"path\":\"https://gitee.com/organizations/xiao-ji-smart-home/projects\",\"children\":[],\"createTime\":1640026019000,\"updateBy\":\"admin\",\"isFrame\":\"0\",\"menuId\":4,\"menuType\":\"M\",\"perms\":\"\",\"status\":\"0\"}','{\"msg\":\"æ“ä½œæˆåŠŸ\",\"code\":200}',0,NULL,'2021-12-30 08:15:42'),(199,'èœå•ç®¡ç†',2,'com.xiaoji.system.controller.SysMenuController.edit()','PUT',1,'admin',NULL,'/menu','10.130.59.49','','{\"visible\":\"0\",\"icon\":\"chart\",\"orderNum\":\"4\",\"menuName\":\"DevOps\",\"params\":{},\"parentId\":0,\"isCache\":\"0\",\"path\":\"devops\",\"children\":[],\"createTime\":1640823330000,\"updateBy\":\"admin\",\"isFrame\":\"1\",\"menuId\":2003,\"menuType\":\"M\",\"perms\":\"\",\"status\":\"0\"}','{\"msg\":\"æ“ä½œæˆåŠŸ\",\"code\":200}',0,NULL,'2021-12-30 08:15:51'),(200,'èœå•ç®¡ç†',1,'com.xiaoji.system.controller.SysMenuController.add()','POST',1,'admin',NULL,'/menu','10.130.59.49','','{\"visible\":\"0\",\"icon\":\"job\",\"orderNum\":\"1\",\"menuName\":\"Jenkens\",\"params\":{},\"parentId\":2003,\"isCache\":\"0\",\"path\":\"http://81.68.236.154:10240/login?from=%2F\",\"createBy\":\"admin\",\"children\":[],\"isFrame\":\"1\",\"menuType\":\"M\",\"status\":\"0\"}','{\"msg\":\"æ“ä½œæˆåŠŸ\",\"code\":200}',0,NULL,'2021-12-30 08:17:57'),(201,'èœå•ç®¡ç†',1,'com.xiaoji.system.controller.SysMenuController.add()','POST',1,'admin',NULL,'/menu','10.130.59.49','','{\"visible\":\"0\",\"icon\":\"bug\",\"orderNum\":\"2\",\"menuName\":\"é•œåƒä»“åº“\",\"params\":{},\"parentId\":2003,\"isCache\":\"0\",\"path\":\"https://cr.console.aliyun.com/cn-shanghai/instance/repositories\",\"createBy\":\"admin\",\"children\":[],\"isFrame\":\"0\",\"menuType\":\"M\",\"status\":\"0\"}','{\"msg\":\"æ“ä½œæˆåŠŸ\",\"code\":200}',0,NULL,'2021-12-30 08:19:11'),(202,'èœå•ç®¡ç†',1,'com.xiaoji.system.controller.SysMenuController.add()','POST',1,'admin',NULL,'/menu','10.130.59.49','','{\"visible\":\"0\",\"icon\":\"code\",\"orderNum\":\"3\",\"menuName\":\"gitee\",\"params\":{},\"parentId\":2003,\"isCache\":\"0\",\"path\":\"https://gitee.com/organizations/xiao-ji-smart-home/projects\",\"createBy\":\"admin\",\"children\":[],\"isFrame\":\"1\",\"menuType\":\"M\",\"status\":\"0\"}','{\"msg\":\"æ“ä½œæˆåŠŸ\",\"code\":200}',0,NULL,'2021-12-30 08:20:55'),(203,'èœå•ç®¡ç†',1,'com.xiaoji.system.controller.SysMenuController.add()','POST',1,'admin',NULL,'/menu','10.130.59.49','','{\"visible\":\"0\",\"icon\":\"code\",\"orderNum\":\"4\",\"menuName\":\"github\",\"params\":{},\"parentId\":2003,\"isCache\":\"0\",\"path\":\"https://github.com/lif314/XiaoJi-Cloud\",\"createBy\":\"admin\",\"children\":[],\"isFrame\":\"0\",\"menuType\":\"M\",\"status\":\"0\"}','{\"msg\":\"æ“ä½œæˆåŠŸ\",\"code\":200}',0,NULL,'2021-12-30 08:21:38'),(204,'èœå•ç®¡ç†',2,'com.xiaoji.system.controller.SysMenuController.edit()','PUT',1,'admin',NULL,'/menu','10.130.59.49','','{\"visible\":\"0\",\"icon\":\"code\",\"orderNum\":\"3\",\"menuName\":\"gitee\",\"params\":{},\"parentId\":2003,\"isCache\":\"0\",\"path\":\"https://gitee.com/organizations/xiao-ji-smart-home/projects\",\"children\":[],\"createTime\":1640823655000,\"updateBy\":\"admin\",\"isFrame\":\"0\",\"menuId\":2006,\"menuType\":\"M\",\"perms\":\"\",\"status\":\"0\"}','{\"msg\":\"æ“ä½œæˆåŠŸ\",\"code\":200}',0,NULL,'2021-12-30 08:21:47'),(205,'èœå•ç®¡ç†',1,'com.xiaoji.system.controller.SysMenuController.add()','POST',1,'admin',NULL,'/menu','10.130.59.49','','{\"visible\":\"0\",\"icon\":\"build\",\"orderNum\":\"5\",\"menuName\":\"Jira\",\"params\":{},\"parentId\":2003,\"isCache\":\"0\",\"path\":\"https://xiaoji.atlassian.net/jira/your-work\",\"createBy\":\"admin\",\"children\":[],\"isFrame\":\"0\",\"menuType\":\"M\",\"status\":\"0\"}','{\"msg\":\"æ“ä½œæˆåŠŸ\",\"code\":200}',0,NULL,'2021-12-30 08:22:42'),(206,'èœå•ç®¡ç†',2,'com.xiaoji.system.controller.SysMenuController.edit()','PUT',1,'admin',NULL,'/menu','10.130.59.49','','{\"visible\":\"0\",\"query\":\"\",\"icon\":\"server\",\"orderNum\":\"5\",\"menuName\":\"Adminæ§åˆ¶å°\",\"params\":{},\"parentId\":2,\"isCache\":\"0\",\"path\":\"http://139.198.167.224:30358\",\"component\":\"\",\"children\":[],\"createTime\":1640026020000,\"updateBy\":\"admin\",\"isFrame\":\"0\",\"menuId\":113,\"menuType\":\"C\",\"perms\":\"monitor:server:list\",\"status\":\"0\"}','{\"msg\":\"æ“ä½œæˆåŠŸ\",\"code\":200}',0,NULL,'2021-12-30 10:40:12'),(207,'èœå•ç®¡ç†',2,'com.xiaoji.system.controller.SysMenuController.edit()','PUT',1,'admin',NULL,'/menu','10.130.59.49','','{\"visible\":\"0\",\"query\":\"\",\"icon\":\"swagger\",\"orderNum\":\"3\",\"menuName\":\"ç³»ç»Ÿæ¥å£\",\"params\":{},\"parentId\":3,\"isCache\":\"0\",\"path\":\"http://xiaoyaoji.cn/dashboard?personal\",\"component\":\"\",\"children\":[],\"createTime\":1640026020000,\"updateBy\":\"admin\",\"isFrame\":\"0\",\"menuId\":116,\"menuType\":\"C\",\"perms\":\"tool:swagger:list\",\"status\":\"0\"}','{\"msg\":\"æ“ä½œæˆåŠŸ\",\"code\":200}',0,NULL,'2021-12-30 11:06:18'),(208,'ç”¨æˆ·å¤´åƒ',2,'com.xiaoji.system.controller.SysProfileController.avatar()','POST',1,'admin',NULL,'/user/profile/avatar','10.130.59.49','','','{\"msg\":\"æ“ä½œæˆåŠŸ\",\"imgUrl\":\"http://127.0.0.1:9300/statics/2021/12/30/85f51723-1f4c-4738-adb4-aaa58b126190.jpeg\",\"code\":200}',0,NULL,'2021-12-30 12:12:01'),(209,'ç”¨æˆ·å¤´åƒ',2,'com.xiaoji.system.controller.SysProfileController.avatar()','POST',1,'admin',NULL,'/user/profile/avatar','10.130.59.49','','','{\"msg\":\"æ“ä½œæˆåŠŸ\",\"imgUrl\":\"http://127.0.0.1:9300/statics/2021/12/30/b04b5dec-5ec3-4d19-8f96-f85c97b34783.jpeg\",\"code\":200}',0,NULL,'2021-12-30 12:13:02'),(210,'èœå•ç®¡ç†',2,'com.xiaoji.system.controller.SysMenuController.edit()','PUT',1,'admin',NULL,'/menu','10.130.59.49','','{\"visible\":\"0\",\"query\":\"\",\"icon\":\"swagger\",\"orderNum\":\"3\",\"menuName\":\"ç³»ç»Ÿæ¥å£\",\"params\":{},\"parentId\":3,\"isCache\":\"0\",\"path\":\"http://139.198.167.224:31192/swagger-ui/index.html\",\"component\":\"\",\"children\":[],\"createTime\":1640026020000,\"updateBy\":\"admin\",\"isFrame\":\"0\",\"menuId\":116,\"menuType\":\"C\",\"perms\":\"tool:swagger:list\",\"status\":\"0\"}','{\"msg\":\"æ“ä½œæˆåŠŸ\",\"code\":200}',0,NULL,'2021-12-30 12:41:02');
/*!40000 ALTER TABLE `sys_oper_log` ENABLE KEYS */;
UNLOCK TABLES;

--
-- Table structure for table `sys_post`
--

DROP TABLE IF EXISTS `sys_post`;
/*!40101 SET @saved_cs_client     = @@character_set_client */;
/*!50503 SET character_set_client = utf8mb4 */;
CREATE TABLE `sys_post` (
  `post_id` bigint NOT NULL AUTO_INCREMENT COMMENT 'å²—ä½ID',
  `post_code` varchar(64) NOT NULL COMMENT 'å²—ä½ç¼–ç ',
  `post_name` varchar(50) NOT NULL COMMENT 'å²—ä½åç§°',
  `post_sort` int NOT NULL COMMENT 'æ˜¾ç¤ºé¡ºåº',
  `status` char(1) NOT NULL COMMENT 'çŠ¶æ€ï¼ˆ0æ­£å¸¸ 1åœç”¨ï¼‰',
  `create_by` varchar(64) DEFAULT '' COMMENT 'åˆ›å»ºè€…',
  `create_time` datetime DEFAULT NULL COMMENT 'åˆ›å»ºæ—¶é—´',
  `update_by` varchar(64) DEFAULT '' COMMENT 'æ›´æ–°è€…',
  `update_time` datetime DEFAULT NULL COMMENT 'æ›´æ–°æ—¶é—´',
  `remark` varchar(500) DEFAULT NULL COMMENT 'å¤‡æ³¨',
  PRIMARY KEY (`post_id`)
) ENGINE=InnoDB AUTO_INCREMENT=5 DEFAULT CHARSET=utf8mb3 COMMENT='å²—ä½ä¿¡æ¯è¡¨';
/*!40101 SET character_set_client = @saved_cs_client */;

--
-- Dumping data for table `sys_post`
--

LOCK TABLES `sys_post` WRITE;
/*!40000 ALTER TABLE `sys_post` DISABLE KEYS */;
INSERT INTO `sys_post` VALUES (1,'ceo','è‘£äº‹é•¿',1,'0','admin','2021-12-21 02:46:59','',NULL,''),(2,'se','é¡¹ç›®ç»ç†',2,'0','admin','2021-12-21 02:46:59','',NULL,''),(3,'hr','äººåŠ›èµ„æº',3,'0','admin','2021-12-21 02:46:59','',NULL,''),(4,'user','æ™®é€šå‘˜å·¥',4,'0','admin','2021-12-21 02:46:59','',NULL,'');
/*!40000 ALTER TABLE `sys_post` ENABLE KEYS */;
UNLOCK TABLES;

--
-- Table structure for table `sys_role`
--

DROP TABLE IF EXISTS `sys_role`;
/*!40101 SET @saved_cs_client     = @@character_set_client */;
/*!50503 SET character_set_client = utf8mb4 */;
CREATE TABLE `sys_role` (
  `role_id` bigint NOT NULL AUTO_INCREMENT COMMENT 'è§’è‰²ID',
  `role_name` varchar(30) NOT NULL COMMENT 'è§’è‰²åç§°',
  `role_key` varchar(100) NOT NULL COMMENT 'è§’è‰²æƒé™å­—ç¬¦ä¸²',
  `role_sort` int NOT NULL COMMENT 'æ˜¾ç¤ºé¡ºåº',
  `data_scope` char(1) DEFAULT '1' COMMENT 'æ•°æ®èŒƒå›´ï¼ˆ1ï¼šå…¨éƒ¨æ•°æ®æƒé™ 2ï¼šè‡ªå®šæ•°æ®æƒé™ 3ï¼šæœ¬éƒ¨é—¨æ•°æ®æƒé™ 4ï¼šæœ¬éƒ¨é—¨åŠä»¥ä¸‹æ•°æ®æƒé™ï¼‰',
  `menu_check_strictly` tinyint(1) DEFAULT '1' COMMENT 'èœå•æ ‘é€‰æ‹©é¡¹æ˜¯å¦å…³è”æ˜¾ç¤º',
  `dept_check_strictly` tinyint(1) DEFAULT '1' COMMENT 'éƒ¨é—¨æ ‘é€‰æ‹©é¡¹æ˜¯å¦å…³è”æ˜¾ç¤º',
  `status` char(1) NOT NULL COMMENT 'è§’è‰²çŠ¶æ€ï¼ˆ0æ­£å¸¸ 1åœç”¨ï¼‰',
  `del_flag` char(1) DEFAULT '0' COMMENT 'åˆ é™¤æ ‡å¿—ï¼ˆ0ä»£è¡¨å­˜åœ¨ 2ä»£è¡¨åˆ é™¤ï¼‰',
  `create_by` varchar(64) DEFAULT '' COMMENT 'åˆ›å»ºè€…',
  `create_time` datetime DEFAULT NULL COMMENT 'åˆ›å»ºæ—¶é—´',
  `update_by` varchar(64) DEFAULT '' COMMENT 'æ›´æ–°è€…',
  `update_time` datetime DEFAULT NULL COMMENT 'æ›´æ–°æ—¶é—´',
  `remark` varchar(500) DEFAULT NULL COMMENT 'å¤‡æ³¨',
  PRIMARY KEY (`role_id`)
) ENGINE=InnoDB AUTO_INCREMENT=102 DEFAULT CHARSET=utf8mb3 COMMENT='è§’è‰²ä¿¡æ¯è¡¨';
/*!40101 SET character_set_client = @saved_cs_client */;

--
-- Dumping data for table `sys_role`
--

LOCK TABLES `sys_role` WRITE;
/*!40000 ALTER TABLE `sys_role` DISABLE KEYS */;
INSERT INTO `sys_role` VALUES (1,'è¶…çº§ç®¡ç†å‘˜','admin',1,'1',1,1,'0','0','admin','2021-12-21 02:46:59','',NULL,'è¶…çº§ç®¡ç†å‘˜'),(2,'æ™®é€šè§’è‰²','common',2,'2',1,1,'0','0','admin','2021-12-21 02:46:59','',NULL,'æ™®é€šè§’è‰²'),(101,'å°ç¨‹åºç”¨æˆ·','mp',3,'1',1,1,'0','0','admin','2021-08-26 17:26:52','admin','2021-12-30 08:00:04',NULL);
/*!40000 ALTER TABLE `sys_role` ENABLE KEYS */;
UNLOCK TABLES;

--
-- Table structure for table `sys_role_dept`
--

DROP TABLE IF EXISTS `sys_role_dept`;
/*!40101 SET @saved_cs_client     = @@character_set_client */;
/*!50503 SET character_set_client = utf8mb4 */;
CREATE TABLE `sys_role_dept` (
  `role_id` bigint NOT NULL COMMENT 'è§’è‰²ID',
  `dept_id` bigint NOT NULL COMMENT 'éƒ¨é—¨ID',
  PRIMARY KEY (`role_id`,`dept_id`)
) ENGINE=InnoDB DEFAULT CHARSET=utf8mb3 COMMENT='è§’è‰²å’Œéƒ¨é—¨å…³è”è¡¨';
/*!40101 SET character_set_client = @saved_cs_client */;

--
-- Dumping data for table `sys_role_dept`
--

LOCK TABLES `sys_role_dept` WRITE;
/*!40000 ALTER TABLE `sys_role_dept` DISABLE KEYS */;
INSERT INTO `sys_role_dept` VALUES (2,100),(2,101),(2,105);
/*!40000 ALTER TABLE `sys_role_dept` ENABLE KEYS */;
UNLOCK TABLES;

--
-- Table structure for table `sys_role_menu`
--

DROP TABLE IF EXISTS `sys_role_menu`;
/*!40101 SET @saved_cs_client     = @@character_set_client */;
/*!50503 SET character_set_client = utf8mb4 */;
CREATE TABLE `sys_role_menu` (
  `role_id` bigint NOT NULL COMMENT 'è§’è‰²ID',
  `menu_id` bigint NOT NULL COMMENT 'èœå•ID',
  PRIMARY KEY (`role_id`,`menu_id`)
) ENGINE=InnoDB DEFAULT CHARSET=utf8mb3 COMMENT='è§’è‰²å’Œèœå•å…³è”è¡¨';
/*!40101 SET character_set_client = @saved_cs_client */;

--
-- Dumping data for table `sys_role_menu`
--

LOCK TABLES `sys_role_menu` WRITE;
/*!40000 ALTER TABLE `sys_role_menu` DISABLE KEYS */;
INSERT INTO `sys_role_menu` VALUES (2,1),(2,2),(2,3),(2,4),(2,5),(2,100),(2,101),(2,102),(2,103),(2,104),(2,105),(2,106),(2,107),(2,108),(2,109),(2,110),(2,111),(2,112),(2,113),(2,114),(2,115),(2,116),(2,117),(2,118),(2,119),(2,120),(2,121),(2,500),(2,501),(2,1000),(2,1001),(2,1002),(2,1003),(2,1004),(2,1005),(2,1006),(2,1007),(2,1008),(2,1009),(2,1010),(2,1011),(2,1012),(2,1013),(2,1014),(2,1015),(2,1016),(2,1017),(2,1018),(2,1019),(2,1020),(2,1021),(2,1022),(2,1023),(2,1024),(2,1025),(2,1026),(2,1027),(2,1028),(2,1029),(2,1030),(2,1031),(2,1032),(2,1033),(2,1034),(2,1035),(2,1036),(2,1037),(2,1038),(2,1039),(2,1040),(2,1041),(2,1042),(2,1043),(2,1044),(2,1045),(2,1046),(2,1047),(2,1048),(2,1049),(2,1050),(2,1051),(2,1052),(2,1053),(2,1054),(2,1055),(2,1056),(2,1057),(2,1058),(2,1059),(2,1060),(101,4),(101,5),(101,117),(101,118),(101,119),(101,120),(101,121),(101,122),(101,1061),(101,1062),(101,1063),(101,1064),(101,1065),(101,1066),(101,1067),(101,1068),(101,1069),(101,1070),(101,1071),(101,1072),(101,1073),(101,1074),(101,1075),(101,1076),(101,1077),(101,1078),(101,1079),(101,1080),(101,1081),(101,1082),(101,1083),(101,1084),(101,1085);
/*!40000 ALTER TABLE `sys_role_menu` ENABLE KEYS */;
UNLOCK TABLES;

--
-- Table structure for table `sys_user`
--

DROP TABLE IF EXISTS `sys_user`;
/*!40101 SET @saved_cs_client     = @@character_set_client */;
/*!50503 SET character_set_client = utf8mb4 */;
CREATE TABLE `sys_user` (
  `user_id` bigint NOT NULL AUTO_INCREMENT COMMENT 'ç”¨æˆ·ID',
  `dept_id` bigint DEFAULT NULL COMMENT 'éƒ¨é—¨ID',
  `user_name` varchar(30) NOT NULL COMMENT 'ç”¨æˆ·è´¦å·',
  `nick_name` varchar(30) NOT NULL COMMENT 'ç”¨æˆ·æ˜µç§°',
  `user_type` varchar(2) DEFAULT '00' COMMENT 'ç”¨æˆ·ç±»å‹ï¼ˆ00ç³»ç»Ÿç”¨æˆ·ï¼‰',
  `email` varchar(50) DEFAULT '' COMMENT 'ç”¨æˆ·é‚®ç®±',
  `phonenumber` varchar(11) DEFAULT '' COMMENT 'æ‰‹æœºå·ç ',
  `sex` char(1) DEFAULT '0' COMMENT 'ç”¨æˆ·æ€§åˆ«ï¼ˆ0ç”· 1å¥³ 2æœªçŸ¥ï¼‰',
  `avatar` varchar(100) DEFAULT '' COMMENT 'å¤´åƒåœ°å€',
  `password` varchar(100) DEFAULT '' COMMENT 'å¯†ç ',
  `status` char(1) DEFAULT '0' COMMENT 'å¸å·çŠ¶æ€ï¼ˆ0æ­£å¸¸ 1åœç”¨ï¼‰',
  `del_flag` char(1) DEFAULT '0' COMMENT 'åˆ é™¤æ ‡å¿—ï¼ˆ0ä»£è¡¨å­˜åœ¨ 2ä»£è¡¨åˆ é™¤ï¼‰',
  `login_ip` varchar(128) DEFAULT '' COMMENT 'æœ€åç™»å½•IP',
  `login_date` datetime DEFAULT NULL COMMENT 'æœ€åç™»å½•æ—¶é—´',
  `create_by` varchar(64) DEFAULT '' COMMENT 'åˆ›å»ºè€…',
  `create_time` datetime DEFAULT NULL COMMENT 'åˆ›å»ºæ—¶é—´',
  `update_by` varchar(64) DEFAULT '' COMMENT 'æ›´æ–°è€…',
  `update_time` datetime DEFAULT NULL COMMENT 'æ›´æ–°æ—¶é—´',
  `remark` varchar(500) DEFAULT NULL COMMENT 'å¤‡æ³¨',
  PRIMARY KEY (`user_id`)
) ENGINE=InnoDB AUTO_INCREMENT=118 DEFAULT CHARSET=utf8mb3 COMMENT='ç”¨æˆ·ä¿¡æ¯è¡¨';
/*!40101 SET character_set_client = @saved_cs_client */;

--
-- Dumping data for table `sys_user`
--

LOCK TABLES `sys_user` WRITE;
/*!40000 ALTER TABLE `sys_user` DISABLE KEYS */;
INSERT INTO `sys_user` VALUES (1,103,'admin','å°æµæ™ºèƒ½','00','xiaoji@163.com','15888888888','1','http://121.36.229.15:9000/xiaoji/github.png','$2a$10$7JB720yubVSZvUI0rEqK/.VqGOZTH.ulu33dHOiBE8ByOhJIrdAu2','0','0','127.0.0.1','2021-12-25 11:07:12','admin','2021-12-25 11:07:12','','2021-12-26 06:27:24','ç®¡ç†å‘˜'),(2,105,'xiaoji','å°æµ','00','tongji@qq.com','15666666666','1','http://121.36.229.15:9000/xiaoji/github.png','$2a$10$7JB720yubVSZvUI0rEqK/.VqGOZTH.ulu33dHOiBE8ByOhJIrdAu2','0','0','127.0.0.1','2021-12-25 11:07:12','admin','2021-12-25 11:07:12','',NULL,'æµ‹è¯•å‘˜'),(100,NULL,'public','è®¿å®¢','00','','','0','','$2a$10$E8d4gZ3.QQzDE7LBfY7XpuuGX.LvWFcA982AAdAzk24u91bQ1nete','0','0','',NULL,'admin','2021-12-25 11:07:12','admin','2021-12-25 11:07:12',NULL),(101,NULL,'aaa','xxx','00','','','0','','$2a$10$f.KtWGpaUsdvl2E427/H4OnPi2dYx8HetxnBs1uasSNwCBBUDSwjO','0','0','',NULL,'admin','2021-12-25 11:07:12','',NULL,NULL),(114,NULL,'EB5312FB4A26','å¾®ä¿¡æ³¨å†Œç”¨æˆ·','00','','','0','','$2a$10$iWySi4cYQ.0DFSMFCzofbu1H13Dd03WW7h/0OZPzQcBd.7f1fWjV.','0','0','',NULL,'å¾®ä¿¡å°ç¨‹åº','2021-12-25 11:07:12','',NULL,NULL),(115,NULL,'A1BB9722086A','å¾®ä¿¡æ³¨å†Œç”¨æˆ·','00','','','0','','$2a$10$rAoFt5nuPw/2CXhRsa/uoOjExW0XH3xM009kcWWo12rzFiSgIK.n2','0','0','',NULL,'å¾®ä¿¡å°ç¨‹åº','2021-12-25 11:07:12','',NULL,NULL),(116,NULL,'6F1B3F33DD38','å¾®ä¿¡æ³¨å†Œç”¨æˆ·','00','','','0','','$2a$10$SUR7vd7YIiMkFBFSTKba7uTc5FdpAdwyMuzUsUpMjkgTC0NfiRpqK','0','0','',NULL,'å¾®ä¿¡å°ç¨‹åº','2021-12-25 11:07:12','',NULL,NULL),(117,NULL,'weixin','weixin','00','','','0','http://121.36.229.15:9000/xiaoji/logo.png','$2a$10$xTBQ5VOuca4yOCCK5vVSzuQho.C7cnZg5jwADn86wQNOv7Q9YO0fi','0','0','',NULL,'admin','2021-12-30 08:01:11','',NULL,NULL);
/*!40000 ALTER TABLE `sys_user` ENABLE KEYS */;
UNLOCK TABLES;

--
-- Table structure for table `sys_user_post`
--

DROP TABLE IF EXISTS `sys_user_post`;
/*!40101 SET @saved_cs_client     = @@character_set_client */;
/*!50503 SET character_set_client = utf8mb4 */;
CREATE TABLE `sys_user_post` (
  `user_id` bigint NOT NULL COMMENT 'ç”¨æˆ·ID',
  `post_id` bigint NOT NULL COMMENT 'å²—ä½ID',
  PRIMARY KEY (`user_id`,`post_id`)
) ENGINE=InnoDB DEFAULT CHARSET=utf8mb3 COMMENT='ç”¨æˆ·ä¸å²—ä½å…³è”è¡¨';
/*!40101 SET character_set_client = @saved_cs_client */;

--
-- Dumping data for table `sys_user_post`
--

LOCK TABLES `sys_user_post` WRITE;
/*!40000 ALTER TABLE `sys_user_post` DISABLE KEYS */;
INSERT INTO `sys_user_post` VALUES (1,1),(2,2);
/*!40000 ALTER TABLE `sys_user_post` ENABLE KEYS */;
UNLOCK TABLES;

--
-- Table structure for table `sys_user_role`
--

DROP TABLE IF EXISTS `sys_user_role`;
/*!40101 SET @saved_cs_client     = @@character_set_client */;
/*!50503 SET character_set_client = utf8mb4 */;
CREATE TABLE `sys_user_role` (
  `user_id` bigint NOT NULL COMMENT 'ç”¨æˆ·ID',
  `role_id` bigint NOT NULL COMMENT 'è§’è‰²ID',
  PRIMARY KEY (`user_id`,`role_id`)
) ENGINE=InnoDB DEFAULT CHARSET=utf8mb3 COMMENT='ç”¨æˆ·å’Œè§’è‰²å…³è”è¡¨';
/*!40101 SET character_set_client = @saved_cs_client */;

--
-- Dumping data for table `sys_user_role`
--

LOCK TABLES `sys_user_role` WRITE;
/*!40000 ALTER TABLE `sys_user_role` DISABLE KEYS */;
INSERT INTO `sys_user_role` VALUES (1,1),(2,2),(117,101);
/*!40000 ALTER TABLE `sys_user_role` ENABLE KEYS */;
UNLOCK TABLES;
/*!40103 SET TIME_ZONE=@OLD_TIME_ZONE */;

/*!40101 SET SQL_MODE=@OLD_SQL_MODE */;
/*!40014 SET FOREIGN_KEY_CHECKS=@OLD_FOREIGN_KEY_CHECKS */;
/*!40014 SET UNIQUE_CHECKS=@OLD_UNIQUE_CHECKS */;
/*!40101 SET CHARACTER_SET_CLIENT=@OLD_CHARACTER_SET_CLIENT */;
/*!40101 SET CHARACTER_SET_RESULTS=@OLD_CHARACTER_SET_RESULTS */;
/*!40101 SET COLLATION_CONNECTION=@OLD_COLLATION_CONNECTION */;
/*!40111 SET SQL_NOTES=@OLD_SQL_NOTES */;

-- Dump completed on 2022-01-03 20:26:58
